VM Enforcer Group,VM Name,VM Type,Vulnerability Name,Severity,Custom Severity,Fix Version,Resource,Resource Path,Resource Type,Format,CPE,Exploit Type,Publish Date,Last VM Scan Date,Exploit Availability,First Found on VM,CISA Published Date
SCL_OCP_Prd_Aqua_Enforcer,vdpvocpwdapls01.ocp.venetian.com.mo,agent,RHSA-2024:1461,high,,4.14.18,libslirp,,package,rpm,pkg:/rhcos:4.14_el8:libslirp:4.4.0-7.el9,,2024-03-27,2024-11-25,,2024-09-04,
SCL_OCP_Prd_Aqua_Enforcer,vdpvocpwdapls01.ocp.venetian.com.mo,agent,RHSA-2023:7201,high,,,crun,,package,rpm,pkg:/rhcos:4.14_el8:crun:1.14-1.rhaos4.14.el9,,2024-02-27,2024-11-25,,2024-09-04,
SCL_OCP_Prd_Aqua_Enforcer,vdpvocpwdapls01.ocp.venetian.com.mo,agent,RHSA-2024:0645,high,,4.14.11,crun,,package,rpm,pkg:/rhcos:4.14_el8:crun:1.14-1.rhaos4.14.el9,,2024-02-07,2024-11-25,,2024-09-04,
SCL_OCP_Prd_Aqua_Enforcer,vdpvocpwdapls01.ocp.venetian.com.mo,agent,RHSA-2024:1563,high,,,runc,,package,rpm,pkg:/rhcos:4.14_el8:runc:4:1.1.12-1.2.rhaos4.14.el9,,2024-04-02,2024-11-25,,2024-09-04,
SCL_OCP_Prd_Aqua_Enforcer,vdpvocpwdapls01.ocp.venetian.com.mo,agent,RHSA-2024:1892,high,,,runc,,package,rpm,pkg:/rhcos:4.14_el8:runc:4:1.1.12-1.2.rhaos4.14.el9,,2024-04-26,2024-11-25,,2024-09-04,
SCL_OCP_Prd_Aqua_Enforcer,vdpvocpwdapls01.ocp.venetian.com.mo,agent,RHSA-2023:7201,high,,,runc,,package,rpm,pkg:/rhcos:4.14_el8:runc:4:1.1.12-1.2.rhaos4.14.el9,,2024-02-27,2024-11-25,,2024-09-04,
SCL_OCP_Prd_Aqua_Enforcer,vdpvocpwdapls01.ocp.venetian.com.mo,agent,RHSA-2024:1897,high,,4.14.22,runc,,package,rpm,pkg:/rhcos:4.14_el8:runc:4:1.1.12-1.2.rhaos4.14.el9,,2024-04-26,2024-11-25,,2024-09-04,
SCL_OCP_Prd_Aqua_Enforcer,vdpvocpwdapls01.ocp.venetian.com.mo,agent,RHSA-2024:0645,high,,4.14.11,runc,,package,rpm,pkg:/rhcos:4.14_el8:runc:4:1.1.12-1.2.rhaos4.14.el9,,2024-02-07,2024-11-25,,2024-09-04,
SCL_OCP_Prd_Aqua_Enforcer,vdpvocpwdapls01.ocp.venetian.com.mo,agent,RHSA-2024:1567,high,,4.14.19,runc,,package,rpm,pkg:/rhcos:4.14_el8:runc:4:1.1.12-1.2.rhaos4.14.el9,,2024-04-03,2024-11-25,,2024-09-04,
SCL_OCP_Prd_Aqua_Enforcer,vdpvocpwdapls01.ocp.venetian.com.mo,agent,RHSA-2024:1461,high,,4.14.18,toolbox,,package,rpm,pkg:/rhcos:4.14_el8:toolbox:0.1.2-1.rhaos4.14.el9,,2024-03-27,2024-11-25,,2024-09-04,
SCL_OCP_Prd_Aqua_Enforcer,vdpvocpwdapls01.ocp.venetian.com.mo,agent,RHSA-2024:1461,high,,4.14.18,slirp4netns,,package,rpm,pkg:/rhcos:4.14_el8:slirp4netns:1.2.0-3.el9,,2024-03-27,2024-11-25,,2024-09-04,
SCL_OCP_Prd_Aqua_Enforcer,vdpvocpwdapls01.ocp.venetian.com.mo,agent,RHSA-2023:7201,high,,,coreos-installer,,package,rpm,pkg:/rhcos:4.14_el8:coreos-installer:0.17.0-2.el9_2,,2024-02-27,2024-11-25,,2024-09-04,
SCL_OCP_Prd_Aqua_Enforcer,vdpvocpwdapls01.ocp.venetian.com.mo,agent,RHSA-2024:1563,high,,,containernetworking-plugins,,package,rpm,pkg:/rhcos:4.14_el8:containernetworking-plugins:1:1.2.0-1.el9,,2024-04-02,2024-11-25,,2024-09-04,
SCL_OCP_Prd_Aqua_Enforcer,vdpvocpwdapls01.ocp.venetian.com.mo,agent,RHSA-2024:1892,high,,,containernetworking-plugins,,package,rpm,pkg:/rhcos:4.14_el8:containernetworking-plugins:1:1.2.0-1.el9,,2024-04-26,2024-11-25,,2024-09-04,
SCL_OCP_Prd_Aqua_Enforcer,vdpvocpwdapls01.ocp.venetian.com.mo,agent,RHSA-2023:7201,high,,,containernetworking-plugins,,package,rpm,pkg:/rhcos:4.14_el8:containernetworking-plugins:1:1.2.0-1.el9,,2024-02-27,2024-11-25,,2024-09-04,
SCL_OCP_Prd_Aqua_Enforcer,vdpvocpwdapls01.ocp.venetian.com.mo,agent,RHSA-2024:1897,high,,4.14.22,containernetworking-plugins,,package,rpm,pkg:/rhcos:4.14_el8:containernetworking-plugins:1:1.2.0-1.el9,,2024-04-26,2024-11-25,,2024-09-04,
SCL_OCP_Prd_Aqua_Enforcer,vdpvocpwdapls01.ocp.venetian.com.mo,agent,RHSA-2023:5009,high,,4.14.0,containernetworking-plugins,,package,rpm,pkg:/rhcos:4.14_el8:containernetworking-plugins:1:1.2.0-1.el9,,2023-10-31,2024-11-25,,2024-09-04,
SCL_OCP_Prd_Aqua_Enforcer,vdpvocpwdapls01.ocp.venetian.com.mo,agent,RHSA-2024:0207,high,,4.14.9,containernetworking-plugins,,package,rpm,pkg:/rhcos:4.14_el8:containernetworking-plugins:1:1.2.0-1.el9,,2024-01-17,2024-11-25,,2024-09-04,
SCL_OCP_Prd_Aqua_Enforcer,vdpvocpwdapls01.ocp.venetian.com.mo,agent,RHSA-2024:1567,high,,4.14.19,containernetworking-plugins,,package,rpm,pkg:/rhcos:4.14_el8:containernetworking-plugins:1:1.2.0-1.el9,,2024-04-03,2024-11-25,,2024-09-04,
SCL_OCP_Prd_Aqua_Enforcer,vdpvocpwdapls01.ocp.venetian.com.mo,agent,RHSA-2024:1563,high,,,skopeo,,package,rpm,pkg:/rhcos:4.14_el8:skopeo:2:1.11.3-0.1.rhaos4.14.el9,,2024-04-02,2024-11-25,,2024-09-04,
SCL_OCP_Prd_Aqua_Enforcer,vdpvocpwdapls01.ocp.venetian.com.mo,agent,RHSA-2024:1892,high,,,skopeo,,package,rpm,pkg:/rhcos:4.14_el8:skopeo:2:1.11.3-0.1.rhaos4.14.el9,,2024-04-26,2024-11-25,,2024-09-04,
SCL_OCP_Prd_Aqua_Enforcer,vdpvocpwdapls01.ocp.venetian.com.mo,agent,RHSA-2023:7201,high,,,skopeo,,package,rpm,pkg:/rhcos:4.14_el8:skopeo:2:1.11.3-0.1.rhaos4.14.el9,,2024-02-27,2024-11-25,,2024-09-04,
SCL_OCP_Prd_Aqua_Enforcer,vdpvocpwdapls01.ocp.venetian.com.mo,agent,RHSA-2024:1567,high,,4.14.19,skopeo,,package,rpm,pkg:/rhcos:4.14_el8:skopeo:2:1.11.3-0.1.rhaos4.14.el9,,2024-04-03,2024-11-25,,2024-09-04,
SCL_OCP_Prd_Aqua_Enforcer,vdpvocpwdapls01.ocp.venetian.com.mo,agent,RHSA-2024:1897,high,,4.14.22,skopeo,,package,rpm,pkg:/rhcos:4.14_el8:skopeo:2:1.11.3-0.1.rhaos4.14.el9,,2024-04-26,2024-11-25,,2024-09-04,
SCL_OCP_Prd_Aqua_Enforcer,vdpvocpwdapls01.ocp.venetian.com.mo,agent,RHSA-2023:5009,high,,4.14.0,skopeo,,package,rpm,pkg:/rhcos:4.14_el8:skopeo:2:1.11.3-0.1.rhaos4.14.el9,,2023-10-31,2024-11-25,,2024-09-04,
SCL_OCP_Prd_Aqua_Enforcer,vdpvocpwdapls01.ocp.venetian.com.mo,agent,RHSA-2023:7201,high,,,coreos-installer-bootinfra,,package,rpm,pkg:/rhcos:4.14_el8:coreos-installer-bootinfra:0.17.0-2.el9_2,,2024-02-27,2024-11-25,,2024-09-04,
SCL_OCP_Prd_Aqua_Enforcer,vdpvocpwdapls01.ocp.venetian.com.mo,agent,RHSA-2023:7201,high,,,container-selinux,,package,rpm,pkg:/rhcos:4.14_el8:container-selinux:3:2.229.0-1.el9_2,,2024-02-27,2024-11-25,,2024-09-04,
SCL_OCP_Prd_Aqua_Enforcer,vdpvocpwdapls01.ocp.venetian.com.mo,agent,RHSA-2024:0645,high,,4.14.11,container-selinux,,package,rpm,pkg:/rhcos:4.14_el8:container-selinux:3:2.229.0-1.el9_2,,2024-02-07,2024-11-25,,2024-09-04,
SCL_OCP_Prd_Aqua_Enforcer,vdpvocpwdapls01.ocp.venetian.com.mo,agent,RHSA-2023:6840,high,,4.14.2,container-selinux,,package,rpm,pkg:/rhcos:4.14_el8:container-selinux:3:2.229.0-1.el9_2,,2023-11-15,2024-11-25,,2024-09-04,
SCL_OCP_Prd_Aqua_Enforcer,vdpvocpwdapls01.ocp.venetian.com.mo,agent,RHSA-2024:1461,high,,4.14.18,fuse-overlayfs,,package,rpm,pkg:/rhcos:4.14_el8:fuse-overlayfs:1.11-1.el9_2,,2024-03-27,2024-11-25,,2024-09-04,
SCL_OCP_Prd_Aqua_Enforcer,vdpvocpwdapls01.ocp.venetian.com.mo,agent,RHSA-2024:1563,high,,,cri-tools,,package,rpm,pkg:/rhcos:4.14_el8:cri-tools:1.27.0-3.2.el9,,2024-04-02,2024-11-25,,2024-09-04,
SCL_OCP_Prd_Aqua_Enforcer,vdpvocpwdapls01.ocp.venetian.com.mo,agent,RHSA-2024:1892,high,,,cri-tools,,package,rpm,pkg:/rhcos:4.14_el8:cri-tools:1.27.0-3.2.el9,,2024-04-26,2024-11-25,,2024-09-04,
SCL_OCP_Prd_Aqua_Enforcer,vdpvocpwdapls01.ocp.venetian.com.mo,agent,RHSA-2023:7201,high,,,cri-tools,,package,rpm,pkg:/rhcos:4.14_el8:cri-tools:1.27.0-3.2.el9,,2024-02-27,2024-11-25,,2024-09-04,
SCL_OCP_Prd_Aqua_Enforcer,vdpvocpwdapls01.ocp.venetian.com.mo,agent,RHSA-2024:1567,high,,4.14.19,cri-tools,,package,rpm,pkg:/rhcos:4.14_el8:cri-tools:1.27.0-3.2.el9,,2024-04-03,2024-11-25,,2024-09-04,
SCL_OCP_Prd_Aqua_Enforcer,vdpvocpwdapls01.ocp.venetian.com.mo,agent,RHSA-2024:1897,high,,4.14.22,cri-tools,,package,rpm,pkg:/rhcos:4.14_el8:cri-tools:1.27.0-3.2.el9,,2024-04-26,2024-11-25,,2024-09-04,
SCL_OCP_Prd_Aqua_Enforcer,vdpvocpwdapls01.ocp.venetian.com.mo,agent,RHSA-2024:0645,high,,4.14.11,cri-tools,,package,rpm,pkg:/rhcos:4.14_el8:cri-tools:1.27.0-3.2.el9,,2024-02-07,2024-11-25,,2024-09-04,
SCL_OCP_Prd_Aqua_Enforcer,vdpvocpwdapls01.ocp.venetian.com.mo,agent,RHSA-2024:1897,high,,4.14.22,conmon,,package,rpm,pkg:/rhcos:4.14_el8:conmon:3:2.1.7-3.4.rhaos4.14.el9,,2024-04-26,2024-11-25,,2024-09-04,
SCL_OCP_Prd_Aqua_Enforcer,vdpvocpwdapls01.ocp.venetian.com.mo,agent,RHSA-2024:1567,high,,4.14.19,conmon,,package,rpm,pkg:/rhcos:4.14_el8:conmon:3:2.1.7-3.4.rhaos4.14.el9,,2024-04-03,2024-11-25,,2024-09-04,
SCL_OCP_Prd_Aqua_Enforcer,vdpvocpwdapls01.ocp.venetian.com.mo,agent,RHSA-2023:5675,high,,,crun,,package,rpm,pkg:/rhcos:4.14_el8:crun:1.14-1.rhaos4.14.el9,,2023-10-17,2024-11-25,,2024-09-04,
SCL_OCP_Prd_Aqua_Enforcer,vdpvocpwdapls01.ocp.venetian.com.mo,agent,RHSA-2024:2049,high,,,skopeo,,package,rpm,pkg:/rhcos:4.14_el8:skopeo:2:1.11.3-0.1.rhaos4.14.el9,,2024-05-02,2024-11-25,,2024-09-04,
SCL_OCP_Prd_Aqua_Enforcer,vdpvocpwdapls01.ocp.venetian.com.mo,agent,RHSA-2024:1763,high,,,skopeo,,package,rpm,pkg:/rhcos:4.14_el8:skopeo:2:1.11.3-0.1.rhaos4.14.el9,,2024-04-18,2024-11-25,,2024-09-04,
SCL_OCP_Prd_Aqua_Enforcer,vdpvocpwdapls01.ocp.venetian.com.mo,agent,RHSA-2023:3612,high,,,skopeo,,package,rpm,pkg:/rhcos:4.14_el8:skopeo:2:1.11.3-0.1.rhaos4.14.el9,,2023-06-23,2024-11-25,,2024-09-04,
SCL_OCP_Prd_Aqua_Enforcer,vdpvocpwdapls01.ocp.venetian.com.mo,agent,RHSA-2024:2049,high,,,cri-tools,,package,rpm,pkg:/rhcos:4.14_el8:cri-tools:1.27.0-3.2.el9,,2024-05-02,2024-11-25,,2024-09-04,
SCL_OCP_Prd_Aqua_Enforcer,vdpvocpwdapls01.ocp.venetian.com.mo,agent,RHSA-2024:1763,high,,,cri-tools,,package,rpm,pkg:/rhcos:4.14_el8:cri-tools:1.27.0-3.2.el9,,2024-04-18,2024-11-25,,2024-09-04,
SCL_OCP_Prd_Aqua_Enforcer,vdpvocpwdapls01.ocp.venetian.com.mo,agent,RHSA-2023:4093,high,,,container-selinux,,package,rpm,pkg:/rhcos:4.14_el8:container-selinux:3:2.229.0-1.el9_2,,2023-07-20,2024-11-25,,2024-09-04,
SCL_OCP_Prd_Aqua_Enforcer,vdpvocpwdapls01.ocp.venetian.com.mo,agent,RHSA-2024:2049,high,,,runc,,package,rpm,pkg:/rhcos:4.14_el8:runc:4:1.1.12-1.2.rhaos4.14.el9,,2024-05-02,2024-11-25,,2024-09-04,
SCL_OCP_Prd_Aqua_Enforcer,vdpvocpwdapls01.ocp.venetian.com.mo,agent,RHSA-2024:1763,high,,,runc,,package,rpm,pkg:/rhcos:4.14_el8:runc:4:1.1.12-1.2.rhaos4.14.el9,,2024-04-18,2024-11-25,,2024-09-04,
SCL_OCP_Prd_Aqua_Enforcer,vdpvocpwdapls01.ocp.venetian.com.mo,agent,RHSA-2023:5675,high,,,runc,,package,rpm,pkg:/rhcos:4.14_el8:runc:4:1.1.12-1.2.rhaos4.14.el9,,2023-10-17,2024-11-25,,2024-09-04,
SCL_OCP_Prd_Aqua_Enforcer,vdpvocpwdapls01.ocp.venetian.com.mo,agent,RHSA-2023:3612,high,,,runc,,package,rpm,pkg:/rhcos:4.14_el8:runc:4:1.1.12-1.2.rhaos4.14.el9,,2023-06-23,2024-11-25,,2024-09-04,
SCL_OCP_Prd_Aqua_Enforcer,vdpvocpwdapls01.ocp.venetian.com.mo,agent,RHSA-2024:2049,high,,,containernetworking-plugins,,package,rpm,pkg:/rhcos:4.14_el8:containernetworking-plugins:1:1.2.0-1.el9,,2024-05-02,2024-11-25,,2024-09-04,
SCL_OCP_Prd_Aqua_Enforcer,vdpvocpwdapls01.ocp.venetian.com.mo,agent,RHSA-2024:1763,high,,,containernetworking-plugins,,package,rpm,pkg:/rhcos:4.14_el8:containernetworking-plugins:1:1.2.0-1.el9,,2024-04-18,2024-11-25,,2024-09-04,
SCL_OCP_Prd_Aqua_Enforcer,vdpvocpwdapls01.ocp.venetian.com.mo,agent,RHSA-2023:4093,high,,,containernetworking-plugins,,package,rpm,pkg:/rhcos:4.14_el8:containernetworking-plugins:1:1.2.0-1.el9,,2023-07-20,2024-11-25,,2024-09-04,
SCL_OCP_Prd_Aqua_Enforcer,vdpvocpwdapls01.ocp.venetian.com.mo,agent,RHSA-2023:3612,high,,,containernetworking-plugins,,package,rpm,pkg:/rhcos:4.14_el8:containernetworking-plugins:1:1.2.0-1.el9,,2023-06-23,2024-11-25,,2024-09-04,
SCL_OCP_Prd_Aqua_Enforcer,vdpvocpwdapls01.ocp.venetian.com.mo,agent,RHSA-2024:2049,high,,,conmon,,package,rpm,pkg:/rhcos:4.14_el8:conmon:3:2.1.7-3.4.rhaos4.14.el9,,2024-05-02,2024-11-25,,2024-09-04,
SCL_OCP_Prd_Aqua_Enforcer,vdpvocpwdapls01.ocp.venetian.com.mo,agent,RHSA-2024:1763,high,,,conmon,,package,rpm,pkg:/rhcos:4.14_el8:conmon:3:2.1.7-3.4.rhaos4.14.el9,,2024-04-18,2024-11-25,,2024-09-04,
SCL_OCP_Prd_Aqua_Enforcer,vdpvocpwdapls01.ocp.venetian.com.mo,agent,RHSA-2023:3612,high,,,conmon,,package,rpm,pkg:/rhcos:4.14_el8:conmon:3:2.1.7-3.4.rhaos4.14.el9,,2023-06-23,2024-11-25,,2024-09-04,
SCL_OCP_Prd_Aqua_Enforcer,vdpvocpwdapls01.ocp.venetian.com.mo,agent,RHSA-2024:3676,high,,,cri-o,,package,rpm,pkg:/rhcos:4.14_el8:cri-o:1.27.7-5.rhaos4.14.gitb010143.el9,,2024-06-11,2024-11-25,,2024-09-04,
SCL_OCP_Prd_Aqua_Enforcer,vdpvocpwdapls01.ocp.venetian.com.mo,agent,RHSA-2024:4159,high,,,cri-o,,package,rpm,pkg:/rhcos:4.14_el8:cri-o:1.27.7-5.rhaos4.14.gitb010143.el9,,2024-07-03,2024-11-25,,2024-09-04,
SCL_OCP_Prd_Aqua_Enforcer,vdpvocpwdapls01.ocp.venetian.com.mo,agent,RHSA-2024:3496,high,,,cri-o,,package,rpm,pkg:/rhcos:4.14_el8:cri-o:1.27.7-5.rhaos4.14.gitb010143.el9,,2024-06-05,2024-11-25,,2024-09-04,
SCL_OCP_Prd_Aqua_Enforcer,vdpvocpwdapls01.ocp.venetian.com.mo,agent,RHSA-2024:4486,high,,,cri-o,,package,rpm,pkg:/rhcos:4.14_el8:cri-o:1.27.7-5.rhaos4.14.gitb010143.el9,,2024-07-17,2024-11-25,,2024-09-04,
SCL_OCP_Prd_Aqua_Enforcer,vdpvocpwdapls01.ocp.venetian.com.mo,agent,RHSA-2024:1763,high,,,cri-o,,package,rpm,pkg:/rhcos:4.14_el8:cri-o:1.27.7-5.rhaos4.14.gitb010143.el9,,2024-04-18,2024-11-25,,2024-09-04,
SCL_OCP_Prd_Aqua_Enforcer,vdpvocpwdapls01.ocp.venetian.com.mo,agent,RHSA-2024:2877,high,,,cri-o,,package,rpm,pkg:/rhcos:4.14_el8:cri-o:1.27.7-5.rhaos4.14.gitb010143.el9,,2024-05-23,2024-11-25,,2024-09-04,
SCL_OCP_Prd_Aqua_Enforcer,vdpvocpwdapls01.ocp.venetian.com.mo,agent,RHSA-2024:2049,high,,,cri-o,,package,rpm,pkg:/rhcos:4.14_el8:cri-o:1.27.7-5.rhaos4.14.gitb010143.el9,,2024-05-02,2024-11-25,,2024-09-04,
SCL_OCP_Prd_Aqua_Enforcer,vdpvocpwdapls01.ocp.venetian.com.mo,agent,RHSA-2024:1563,high,,,cri-o,,package,rpm,pkg:/rhcos:4.14_el8:cri-o:1.27.7-5.rhaos4.14.gitb010143.el9,,2024-04-02,2024-11-25,,2024-09-04,
SCL_OCP_Prd_Aqua_Enforcer,vdpvocpwdapls01.ocp.venetian.com.mo,agent,RHSA-2024:1892,high,,,cri-o,,package,rpm,pkg:/rhcos:4.14_el8:cri-o:1.27.7-5.rhaos4.14.gitb010143.el9,,2024-04-26,2024-11-25,,2024-09-04,
SCL_OCP_Prd_Aqua_Enforcer,vdpvocpwdapls01.ocp.venetian.com.mo,agent,RHSA-2024:2669,high,,,cri-o,,package,rpm,pkg:/rhcos:4.14_el8:cri-o:1.27.7-5.rhaos4.14.gitb010143.el9,,2024-05-09,2024-11-25,,2024-09-04,
SCL_OCP_Prd_Aqua_Enforcer,vdpvocpwdapls01.ocp.venetian.com.mo,agent,RHSA-2023:7201,high,,,cri-o,,package,rpm,pkg:/rhcos:4.14_el8:cri-o:1.27.7-5.rhaos4.14.gitb010143.el9,,2024-02-27,2024-11-25,,2024-09-04,
SCL_OCP_Prd_Aqua_Enforcer,vdpvocpwdapls01.ocp.venetian.com.mo,agent,RHSA-2023:7325,high,,,cri-o,,package,rpm,pkg:/rhcos:4.14_el8:cri-o:1.27.7-5.rhaos4.14.gitb010143.el9,,2023-11-21,2024-11-25,,2024-09-04,
SCL_OCP_Prd_Aqua_Enforcer,vdpvocpwdapls01.ocp.venetian.com.mo,agent,RHSA-2023:3612,high,,,cri-o,,package,rpm,pkg:/rhcos:4.14_el8:cri-o:1.27.7-5.rhaos4.14.gitb010143.el9,,2023-06-23,2024-11-25,,2024-09-04,
SCL_OCP_Prd_Aqua_Enforcer,vdpvocpwdapls01.ocp.venetian.com.mo,agent,RHSA-2023:4093,high,,,cri-o,,package,rpm,pkg:/rhcos:4.14_el8:cri-o:1.27.7-5.rhaos4.14.gitb010143.el9,,2023-07-20,2024-11-25,,2024-09-04,
SCL_OCP_Prd_Aqua_Enforcer,vdpvocpwdapls01.ocp.venetian.com.mo,agent,RHSA-2023:3536,high,,,cri-o,,package,rpm,pkg:/rhcos:4.14_el8:cri-o:1.27.7-5.rhaos4.14.gitb010143.el9,,2023-06-13,2024-11-25,,2024-09-04,
SCL_OCP_Prd_Aqua_Enforcer,vdpvocpwdapls01.ocp.venetian.com.mo,agent,RHSA-2023:3366,high,,,cri-o,,package,rpm,pkg:/rhcos:4.14_el8:cri-o:1.27.7-5.rhaos4.14.gitb010143.el9,,2023-06-07,2024-11-25,,2024-09-04,
SCL_OCP_Prd_Aqua_Enforcer,vdpvocpwdapls01.ocp.venetian.com.mo,agent,RHSA-2023:6840,high,,4.14.2,cri-o,,package,rpm,pkg:/rhcos:4.14_el8:cri-o:1.27.7-5.rhaos4.14.gitb010143.el9,,2023-11-15,2024-11-25,,2024-09-04,
SCL_OCP_Prd_Aqua_Enforcer,vdpvocpwdapls01.ocp.venetian.com.mo,agent,RHSA-2024:2672,high,,4.14.24,cri-o,,package,rpm,pkg:/rhcos:4.14_el8:cri-o:1.27.7-5.rhaos4.14.gitb010143.el9,,2024-05-09,2024-11-25,,2024-09-04,
SCL_OCP_Prd_Aqua_Enforcer,vdpvocpwdapls01.ocp.venetian.com.mo,agent,RHSA-2024:1567,high,,4.14.19,cri-o,,package,rpm,pkg:/rhcos:4.14_el8:cri-o:1.27.7-5.rhaos4.14.gitb010143.el9,,2024-04-03,2024-11-25,,2024-09-04,
SCL_OCP_Prd_Aqua_Enforcer,vdpvocpwdapls01.ocp.venetian.com.mo,agent,RHSA-2024:3700,high,,4.14.29,cri-o,,package,rpm,pkg:/rhcos:4.14_el8:cri-o:1.27.7-5.rhaos4.14.gitb010143.el9,,2024-06-13,2024-11-25,,2024-09-04,
SCL_OCP_Prd_Aqua_Enforcer,vdpvocpwdapls01.ocp.venetian.com.mo,agent,RHSA-2024:1897,high,,4.14.22,cri-o,,package,rpm,pkg:/rhcos:4.14_el8:cri-o:1.27.7-5.rhaos4.14.gitb010143.el9,,2024-04-26,2024-11-25,,2024-09-04,
SCL_OCP_Prd_Aqua_Enforcer,vdpvocpwdapls01.ocp.venetian.com.mo,agent,RHSA-2024:3700,high,,4.14.29,conmon-rs,,package,rpm,pkg:/rhcos:4.14_el8:conmon-rs:0.6.3-1.rhaos4.14.el9,,2024-06-13,2024-11-25,,2024-09-04,
SCL_OCP_Prd_Aqua_Enforcer,vdpvocpwdapls01.ocp.venetian.com.mo,agent,RHSA-2024:1763,high,,,nmstate,,package,rpm,pkg:/rhcos:4.14_el8:nmstate:2.2.29-2.el9_2,,2024-04-18,2024-11-25,,2024-09-04,
SCL_OCP_Prd_Aqua_Enforcer,vdpvocpwdapls01.ocp.venetian.com.mo,agent,RHSA-2023:4093,high,,,nmstate,,package,rpm,pkg:/rhcos:4.14_el8:nmstate:2.2.29-2.el9_2,,2023-07-20,2024-11-25,,2024-09-04,
SCL_OCP_Prd_Aqua_Enforcer,vdpvocpwdapls01.ocp.venetian.com.mo,agent,RHSA-2024:4848,high,,,podman,,package,rpm,pkg:/rhcos:4.14_el8:podman:3:4.4.1-14.4.rhaos4.14.el9,,2024-07-31,2024-11-25,,2024-09-04,
SCL_OCP_Prd_Aqua_Enforcer,vdpvocpwdapls01.ocp.venetian.com.mo,agent,RHSA-2024:4702,high,,,podman,,package,rpm,pkg:/rhcos:4.14_el8:podman:3:4.4.1-14.4.rhaos4.14.el9,,2024-07-25,2024-11-25,,2024-09-04,
SCL_OCP_Prd_Aqua_Enforcer,vdpvocpwdapls01.ocp.venetian.com.mo,agent,RHSA-2024:1763,high,,,podman,,package,rpm,pkg:/rhcos:4.14_el8:podman:3:4.4.1-14.4.rhaos4.14.el9,,2024-04-18,2024-11-25,,2024-09-04,
SCL_OCP_Prd_Aqua_Enforcer,vdpvocpwdapls01.ocp.venetian.com.mo,agent,RHSA-2024:2877,high,,,podman,,package,rpm,pkg:/rhcos:4.14_el8:podman:3:4.4.1-14.4.rhaos4.14.el9,,2024-05-23,2024-11-25,,2024-09-04,
SCL_OCP_Prd_Aqua_Enforcer,vdpvocpwdapls01.ocp.venetian.com.mo,agent,RHSA-2024:2049,high,,,podman,,package,rpm,pkg:/rhcos:4.14_el8:podman:3:4.4.1-14.4.rhaos4.14.el9,,2024-05-02,2024-11-25,,2024-09-04,
SCL_OCP_Prd_Aqua_Enforcer,vdpvocpwdapls01.ocp.venetian.com.mo,agent,RHSA-2024:1563,high,,,podman,,package,rpm,pkg:/rhcos:4.14_el8:podman:3:4.4.1-14.4.rhaos4.14.el9,,2024-04-02,2024-11-25,,2024-09-04,
SCL_OCP_Prd_Aqua_Enforcer,vdpvocpwdapls01.ocp.venetian.com.mo,agent,RHSA-2024:1892,high,,,podman,,package,rpm,pkg:/rhcos:4.14_el8:podman:3:4.4.1-14.4.rhaos4.14.el9,,2024-04-26,2024-11-25,,2024-09-04,
SCL_OCP_Prd_Aqua_Enforcer,vdpvocpwdapls01.ocp.venetian.com.mo,agent,RHSA-2024:2669,high,,,podman,,package,rpm,pkg:/rhcos:4.14_el8:podman:3:4.4.1-14.4.rhaos4.14.el9,,2024-05-09,2024-11-25,,2024-09-04,
SCL_OCP_Prd_Aqua_Enforcer,vdpvocpwdapls01.ocp.venetian.com.mo,agent,RHSA-2023:7201,high,,,podman,,package,rpm,pkg:/rhcos:4.14_el8:podman:3:4.4.1-14.4.rhaos4.14.el9,,2024-02-27,2024-11-25,,2024-09-04,
SCL_OCP_Prd_Aqua_Enforcer,vdpvocpwdapls01.ocp.venetian.com.mo,agent,RHSA-2023:3612,high,,,podman,,package,rpm,pkg:/rhcos:4.14_el8:podman:3:4.4.1-14.4.rhaos4.14.el9,,2023-06-23,2024-11-25,,2024-09-04,
SCL_OCP_Prd_Aqua_Enforcer,vdpvocpwdapls01.ocp.venetian.com.mo,agent,RHSA-2024:2672,high,,4.14.24,podman,,package,rpm,pkg:/rhcos:4.14_el8:podman:3:4.4.1-14.4.rhaos4.14.el9,,2024-05-09,2024-11-25,,2024-09-04,
SCL_OCP_Prd_Aqua_Enforcer,vdpvocpwdapls01.ocp.venetian.com.mo,agent,RHSA-2024:1567,high,,4.14.19,podman,,package,rpm,pkg:/rhcos:4.14_el8:podman:3:4.4.1-14.4.rhaos4.14.el9,,2024-04-03,2024-11-25,,2024-09-04,
SCL_OCP_Prd_Aqua_Enforcer,vdpvocpwdapls01.ocp.venetian.com.mo,agent,RHSA-2024:1897,high,,4.14.22,podman,,package,rpm,pkg:/rhcos:4.14_el8:podman:3:4.4.1-14.4.rhaos4.14.el9,,2024-04-26,2024-11-25,,2024-09-04,
SCL_OCP_Prd_Aqua_Enforcer,vdpvocpwdapls01.ocp.venetian.com.mo,agent,RHSA-2024:5444,high,,,rhcos-kernel,,package,rpm,pkg:/rhcos:4.14_el8:rhcos-kernel:4.13-0.el8,,2024-08-22,2024-11-25,,2024-09-04,
SCL_OCP_Prd_Aqua_Enforcer,vdpvocpwdapls01.ocp.venetian.com.mo,agent,RHSA-2024:5439,high,,,rhcos-kernel,,package,rpm,pkg:/rhcos:4.14_el8:rhcos-kernel:4.13-0.el8,,2024-08-22,2024-11-25,,2024-09-04,
SCL_OCP_Prd_Aqua_Enforcer,vdpvocpwdapls01.ocp.venetian.com.mo,agent,RHSA-2024:4699,high,,,rhcos-kernel,,package,rpm,pkg:/rhcos:4.14_el8:rhcos-kernel:4.13-0.el8,,2024-07-25,2024-11-25,,2024-09-04,
SCL_OCP_Prd_Aqua_Enforcer,vdpvocpwdapls01.ocp.venetian.com.mo,agent,RHSA-2024:4151,high,,,rhcos-kernel,,package,rpm,pkg:/rhcos:4.14_el8:rhcos-kernel:4.13-0.el8,,2024-07-02,2024-11-25,,2024-09-04,
SCL_OCP_Prd_Aqua_Enforcer,vdpvocpwdapls01.ocp.venetian.com.mo,agent,RHSA-2024:4474,high,,,rhcos-kernel,,package,rpm,pkg:/rhcos:4.14_el8:rhcos-kernel:4.13-0.el8,,2024-07-18,2024-11-25,,2024-09-04,
SCL_OCP_Prd_Aqua_Enforcer,vdpvocpwdapls01.ocp.venetian.com.mo,agent,RHSA-2024:4041,high,,,rhcos-kernel,,package,rpm,pkg:/rhcos:4.14_el8:rhcos-kernel:4.13-0.el8,,2024-06-26,2024-11-25,,2024-09-04,
SCL_OCP_Prd_Aqua_Enforcer,vdpvocpwdapls01.ocp.venetian.com.mo,agent,RHSA-2024:3327,high,,,rhcos-kernel,,package,rpm,pkg:/rhcos:4.14_el8:rhcos-kernel:4.13-0.el8,,2024-05-29,2024-11-25,,2024-09-04,
SCL_OCP_Prd_Aqua_Enforcer,vdpvocpwdapls01.ocp.venetian.com.mo,agent,RHSA-2024:3885,high,,,rhcos-kernel,,package,rpm,pkg:/rhcos:4.14_el8:rhcos-kernel:4.13-0.el8,,2024-06-19,2024-11-25,,2024-09-04,
SCL_OCP_Prd_Aqua_Enforcer,vdpvocpwdapls01.ocp.venetian.com.mo,agent,RHSA-2024:3889,high,,,rhcos-kernel,,package,rpm,pkg:/rhcos:4.14_el8:rhcos-kernel:4.13-0.el8,,2024-06-18,2024-11-25,,2024-09-04,
SCL_OCP_Prd_Aqua_Enforcer,vdpvocpwdapls01.ocp.venetian.com.mo,agent,RHSA-2024:4484,high,,,rhcos-kernel,,package,rpm,pkg:/rhcos:4.14_el8:rhcos-kernel:4.13-0.el8,,2024-07-17,2024-11-25,,2024-09-04,
SCL_OCP_Prd_Aqua_Enforcer,vdpvocpwdapls01.ocp.venetian.com.mo,agent,RHSA-2024:2875,high,,,rhcos-kernel,,package,rpm,pkg:/rhcos:4.14_el8:rhcos-kernel:4.13-0.el8,,2024-05-23,2024-11-25,,2024-09-04,
SCL_OCP_Prd_Aqua_Enforcer,vdpvocpwdapls01.ocp.venetian.com.mo,agent,RHSA-2024:2047,high,,,rhcos-kernel,,package,rpm,pkg:/rhcos:4.14_el8:rhcos-kernel:4.13-0.el8,,2024-05-02,2024-11-25,,2024-09-04,
SCL_OCP_Prd_Aqua_Enforcer,vdpvocpwdapls01.ocp.venetian.com.mo,agent,RHSA-2024:2068,high,,,rhcos-kernel,,package,rpm,pkg:/rhcos:4.14_el8:rhcos-kernel:4.13-0.el8,,2024-05-02,2024-11-25,,2024-09-04,
SCL_OCP_Prd_Aqua_Enforcer,vdpvocpwdapls01.ocp.venetian.com.mo,agent,RHSA-2024:1037,high,,,rhcos-kernel,,package,rpm,pkg:/rhcos:4.14_el8:rhcos-kernel:4.13-0.el8,,2024-03-06,2024-11-25,,2024-09-04,
SCL_OCP_Prd_Aqua_Enforcer,vdpvocpwdapls01.ocp.venetian.com.mo,agent,RHSA-2024:1770,high,,,rhcos-kernel,,package,rpm,pkg:/rhcos:4.14_el8:rhcos-kernel:4.13-0.el8,,2024-04-16,2024-11-25,,2024-09-04,
SCL_OCP_Prd_Aqua_Enforcer,vdpvocpwdapls01.ocp.venetian.com.mo,agent,RHSA-2024:1683,high,,,rhcos-kernel,,package,rpm,pkg:/rhcos:4.14_el8:rhcos-kernel:4.13-0.el8,,2024-04-08,2024-11-25,,2024-09-04,
SCL_OCP_Prd_Aqua_Enforcer,vdpvocpwdapls01.ocp.venetian.com.mo,agent,RHSA-2024:1668,high,,,rhcos-kernel,,package,rpm,pkg:/rhcos:4.14_el8:rhcos-kernel:4.13-0.el8,,2024-04-08,2024-11-25,,2024-09-04,
SCL_OCP_Prd_Aqua_Enforcer,vdpvocpwdapls01.ocp.venetian.com.mo,agent,RHSA-2024:1559,high,,,rhcos-kernel,,package,rpm,pkg:/rhcos:4.14_el8:rhcos-kernel:4.13-0.el8,,2024-04-02,2024-11-25,,2024-09-04,
SCL_OCP_Prd_Aqua_Enforcer,vdpvocpwdapls01.ocp.venetian.com.mo,agent,RHSA-2024:1449,high,,,rhcos-kernel,,package,rpm,pkg:/rhcos:4.14_el8:rhcos-kernel:4.13-0.el8,,2024-03-27,2024-11-25,,2024-09-04,
SCL_OCP_Prd_Aqua_Enforcer,vdpvocpwdapls01.ocp.venetian.com.mo,agent,RHSA-2024:1454,high,,,rhcos-kernel,,package,rpm,pkg:/rhcos:4.14_el8:rhcos-kernel:4.13-0.el8,,2024-03-27,2024-11-25,,2024-09-04,
SCL_OCP_Prd_Aqua_Enforcer,vdpvocpwdapls01.ocp.venetian.com.mo,agent,RHSA-2024:2865,high,,,rhcos-kernel,,package,rpm,pkg:/rhcos:4.14_el8:rhcos-kernel:4.13-0.el8,,2024-05-21,2024-11-25,,2024-09-04,
SCL_OCP_Prd_Aqua_Enforcer,vdpvocpwdapls01.ocp.venetian.com.mo,agent,RHSA-2024:1887,high,,,rhcos-kernel,,package,rpm,pkg:/rhcos:4.14_el8:rhcos-kernel:4.13-0.el8,,2024-04-25,2024-11-25,,2024-09-04,
SCL_OCP_Prd_Aqua_Enforcer,vdpvocpwdapls01.ocp.venetian.com.mo,agent,RHSA-2024:2773,high,,,rhcos-kernel,,package,rpm,pkg:/rhcos:4.14_el8:rhcos-kernel:4.13-0.el8,,2024-05-15,2024-11-25,,2024-09-04,
SCL_OCP_Prd_Aqua_Enforcer,vdpvocpwdapls01.ocp.venetian.com.mo,agent,RHSA-2024:2664,high,,,rhcos-kernel,,package,rpm,pkg:/rhcos:4.14_el8:rhcos-kernel:4.13-0.el8,,2024-05-09,2024-11-25,,2024-09-04,
SCL_OCP_Prd_Aqua_Enforcer,vdpvocpwdapls01.ocp.venetian.com.mo,agent,RHSA-2023:7475,high,,,rhcos-kernel,,package,rpm,pkg:/rhcos:4.14_el8:rhcos-kernel:4.13-0.el8,,2023-11-29,2024-11-25,,2024-09-04,
SCL_OCP_Prd_Aqua_Enforcer,vdpvocpwdapls01.ocp.venetian.com.mo,agent,RHSA-2023:7474,high,,,rhcos-kernel,,package,rpm,pkg:/rhcos:4.14_el8:rhcos-kernel:4.13-0.el8,,2023-11-29,2024-11-25,,2024-09-04,
SCL_OCP_Prd_Aqua_Enforcer,vdpvocpwdapls01.ocp.venetian.com.mo,agent,RHSA-2024:0946,high,,,rhcos-kernel,,package,rpm,pkg:/rhcos:4.14_el8:rhcos-kernel:4.13-0.el8,,2024-02-28,2024-11-25,,2024-09-04,
SCL_OCP_Prd_Aqua_Enforcer,vdpvocpwdapls01.ocp.venetian.com.mo,agent,RHSA-2024:0193,high,,,rhcos-kernel,,package,rpm,pkg:/rhcos:4.14_el8:rhcos-kernel:4.13-0.el8,,2024-01-17,2024-11-25,,2024-09-04,
SCL_OCP_Prd_Aqua_Enforcer,vdpvocpwdapls01.ocp.venetian.com.mo,agent,RHSA-2023:7322,high,,,rhcos-kernel,,package,rpm,pkg:/rhcos:4.14_el8:rhcos-kernel:4.13-0.el8,,2023-11-21,2024-11-25,,2024-09-04,
SCL_OCP_Prd_Aqua_Enforcer,vdpvocpwdapls01.ocp.venetian.com.mo,agent,RHSA-2023:7323,high,,,rhcos-kernel,,package,rpm,pkg:/rhcos:4.14_el8:rhcos-kernel:4.13-0.el8,,2023-11-21,2024-11-25,,2024-09-04,
SCL_OCP_Prd_Aqua_Enforcer,vdpvocpwdapls01.ocp.venetian.com.mo,agent,RHSA-2023:7687,high,,,rhcos-kernel,,package,rpm,pkg:/rhcos:4.14_el8:rhcos-kernel:4.13-0.el8,,2023-12-13,2024-11-25,,2024-09-04,
SCL_OCP_Prd_Aqua_Enforcer,vdpvocpwdapls01.ocp.venetian.com.mo,agent,RHSA-2023:6846,high,,,rhcos-kernel,,package,rpm,pkg:/rhcos:4.14_el8:rhcos-kernel:4.13-0.el8,,2023-11-15,2024-11-25,,2024-09-04,
SCL_OCP_Prd_Aqua_Enforcer,vdpvocpwdapls01.ocp.venetian.com.mo,agent,RHSA-2023:6845,high,,,rhcos-kernel,,package,rpm,pkg:/rhcos:4.14_el8:rhcos-kernel:4.13-0.el8,,2023-11-15,2024-11-25,,2024-09-04,
SCL_OCP_Prd_Aqua_Enforcer,vdpvocpwdapls01.ocp.venetian.com.mo,agent,RHSA-2024:0660,high,,,rhcos-kernel,,package,rpm,pkg:/rhcos:4.14_el8:rhcos-kernel:4.13-0.el8,,2024-02-07,2024-11-25,,2024-09-04,
SCL_OCP_Prd_Aqua_Enforcer,vdpvocpwdapls01.ocp.venetian.com.mo,agent,RHSA-2024:0484,high,,,rhcos-kernel,,package,rpm,pkg:/rhcos:4.14_el8:rhcos-kernel:4.13-0.el8,,2024-02-01,2024-11-25,,2024-09-04,
SCL_OCP_Prd_Aqua_Enforcer,vdpvocpwdapls01.ocp.venetian.com.mo,agent,RHSA-2023:7604,high,,,rhcos-kernel,,package,rpm,pkg:/rhcos:4.14_el8:rhcos-kernel:4.13-0.el8,,2023-12-06,2024-11-25,,2024-09-04,
SCL_OCP_Prd_Aqua_Enforcer,vdpvocpwdapls01.ocp.venetian.com.mo,agent,RHSA-2023:7602,high,,,rhcos-kernel,,package,rpm,pkg:/rhcos:4.14_el8:rhcos-kernel:4.13-0.el8,,2023-12-06,2024-11-25,,2024-09-04,
SCL_OCP_Prd_Aqua_Enforcer,vdpvocpwdapls01.ocp.venetian.com.mo,agent,RHSA-2023:5672,high,,,rhcos-kernel,,package,rpm,pkg:/rhcos:4.14_el8:rhcos-kernel:4.13-0.el8,,2023-10-17,2024-11-25,,2024-09-04,
SCL_OCP_Prd_Aqua_Enforcer,vdpvocpwdapls01.ocp.venetian.com.mo,agent,RHSA-2023:6130,high,,,rhcos-kernel,,package,rpm,pkg:/rhcos:4.14_el8:rhcos-kernel:4.13-0.el8,,2023-10-30,2024-11-25,,2024-09-04,
SCL_OCP_Prd_Aqua_Enforcer,vdpvocpwdapls01.ocp.venetian.com.mo,agent,RHSA-2023:6129,high,,,rhcos-kernel,,package,rpm,pkg:/rhcos:4.14_el8:rhcos-kernel:4.13-0.el8,,2023-10-30,2024-11-25,,2024-09-04,
SCL_OCP_Prd_Aqua_Enforcer,vdpvocpwdapls01.ocp.venetian.com.mo,agent,RHSA-2023:6257,high,,,rhcos-kernel,,package,rpm,pkg:/rhcos:4.14_el8:rhcos-kernel:4.13-0.el8,,2023-11-08,2024-11-25,,2024-09-04,
SCL_OCP_Prd_Aqua_Enforcer,vdpvocpwdapls01.ocp.venetian.com.mo,agent,RHSA-2023:5902,high,,,rhcos-kernel,,package,rpm,pkg:/rhcos:4.14_el8:rhcos-kernel:4.13-0.el8,,2023-10-24,2024-11-25,,2024-09-04,
SCL_OCP_Prd_Aqua_Enforcer,vdpvocpwdapls01.ocp.venetian.com.mo,agent,RHSA-2023:6256,high,,,rhcos-kernel,,package,rpm,pkg:/rhcos:4.14_el8:rhcos-kernel:4.13-0.el8,,2023-11-08,2024-11-25,,2024-09-04,
SCL_OCP_Prd_Aqua_Enforcer,vdpvocpwdapls01.ocp.venetian.com.mo,agent,RHSA-2023:3367,high,,,rhcos-kernel,,package,rpm,pkg:/rhcos:4.14_el8:rhcos-kernel:4.13-0.el8,,2023-06-07,2024-11-25,,2024-09-04,
SCL_OCP_Prd_Aqua_Enforcer,vdpvocpwdapls01.ocp.venetian.com.mo,agent,RHSA-2024:0837,high,,4.14.13,rhcos-kernel,,package,rpm,pkg:/rhcos:4.14_el8:rhcos-kernel:4.13-0.el8,,2024-02-20,2024-11-25,,2024-09-04,
SCL_OCP_Prd_Aqua_Enforcer,vdpvocpwdapls01.ocp.venetian.com.mo,agent,RHSA-2023:7682,high,,4.14.6,rhcos-kernel,,package,rpm,pkg:/rhcos:4.14_el8:rhcos-kernel:4.13-0.el8,,2023-12-12,2024-11-25,,2024-09-04,
SCL_OCP_Prd_Aqua_Enforcer,vdpvocpwdapls01.ocp.venetian.com.mo,agent,RHSA-2023:7681,high,,4.14.6,rhcos-kernel,,package,rpm,pkg:/rhcos:4.14_el8:rhcos-kernel:4.13-0.el8,,2023-12-12,2024-11-25,,2024-09-04,
SCL_OCP_Prd_Aqua_Enforcer,vdpvocpwdapls01.ocp.venetian.com.mo,agent,RHSA-2024:3523,high,,4.14.28,rhcos-kernel,,package,rpm,pkg:/rhcos:4.14_el8:rhcos-kernel:4.13-0.el8,,2024-06-10,2024-11-25,,2024-09-04,
SCL_OCP_Prd_Aqua_Enforcer,vdpvocpwdapls01.ocp.venetian.com.mo,agent,RHSA-2024:1681,high,,4.14.20,rhcos-kernel,,package,rpm,pkg:/rhcos:4.14_el8:rhcos-kernel:4.13-0.el8,,2024-04-08,2024-11-25,,2024-09-04,
SCL_OCP_Prd_Aqua_Enforcer,vdpvocpwdapls01.ocp.venetian.com.mo,agent,RHSA-2024:1458,high,,4.14.18,rhcos-kernel,,package,rpm,pkg:/rhcos:4.14_el8:rhcos-kernel:4.13-0.el8,,2024-03-27,2024-11-25,,2024-09-04,
SCL_OCP_Prd_Aqua_Enforcer,vdpvocpwdapls01.ocp.venetian.com.mo,agent,RHSA-2024:0050,high,,4.14.8,rhcos-kernel,,package,rpm,pkg:/rhcos:4.14_el8:rhcos-kernel:4.13-0.el8,,2024-01-09,2024-11-25,,2024-09-04,
SCL_OCP_Prd_Aqua_Enforcer,vdpvocpwdapls01.ocp.venetian.com.mo,agent,RHSA-2023:5007,high,,4.14.0,rhcos-kernel,,package,rpm,pkg:/rhcos:4.14_el8:rhcos-kernel:4.13-0.el8,,2023-10-31,2024-11-25,,2024-09-04,
SCL_OCP_Prd_Aqua_Enforcer,vdpvocpwdapls01.ocp.venetian.com.mo,agent,RHSA-2024:4329,high,,4.14.32,rhcos-kernel,,package,rpm,pkg:/rhcos:4.14_el8:rhcos-kernel:4.13-0.el8,,2024-07-11,2024-11-25,,2024-09-04,
SCL_OCP_Prd_Aqua_Enforcer,vdpvocpwdapls01.ocp.venetian.com.mo,agent,RHSA-2024:3331,high,,4.14.27,rhcos-kernel,,package,rpm,pkg:/rhcos:4.14_el8:rhcos-kernel:4.13-0.el8,,2024-05-30,2024-11-25,,2024-09-04,
SCL_OCP_Prd_Aqua_Enforcer,vdpvocpwdapls01.ocp.venetian.com.mo,agent,RHSA-2023:7469,high,,4.14.4,rhcos-kernel,,package,rpm,pkg:/rhcos:4.14_el8:rhcos-kernel:4.13-0.el8,,2023-11-29,2024-11-25,,2024-09-04,
SCL_OCP_Prd_Aqua_Enforcer,vdpvocpwdapls01.ocp.venetian.com.mo,agent,RHSA-2024:0290,high,,4.14.10,rhcos-kernel,,package,rpm,pkg:/rhcos:4.14_el8:rhcos-kernel:4.13-0.el8,,2024-01-23,2024-11-25,,2024-09-04,
SCL_OCP_Prd_Aqua_Enforcer,vdpvocpwdapls01.ocp.venetian.com.mo,agent,RHSA-2024:4010,high,,4.14.31,rhcos-kernel,,package,rpm,pkg:/rhcos:4.14_el8:rhcos-kernel:4.13-0.el8,,2024-06-26,2024-11-25,,2024-09-04,
SCL_OCP_Prd_Aqua_Enforcer,vdpvocpwdapls01.ocp.venetian.com.mo,agent,RHSA-2023:7831,high,,4.14.7,rhcos-kernel,,package,rpm,pkg:/rhcos:4.14_el8:rhcos-kernel:4.13-0.el8,,2024-01-03,2024-11-25,,2024-09-04,
SCL_OCP_Prd_Aqua_Enforcer,vdpvocpwdapls01.ocp.venetian.com.mo,agent,RHSA-2023:6143,high,,4.14.0,rhcos-kernel,,package,rpm,pkg:/rhcos:4.14_el8:rhcos-kernel:4.13-0.el8,,2023-10-26,2024-11-25,,2024-09-04,
SCL_OCP_Prd_Aqua_Enforcer,vdpvocpwdapls01.ocp.venetian.com.mo,agent,RHSA-2024:1765,high,,4.14.21,rhcos-kernel,,package,rpm,pkg:/rhcos:4.14_el8:rhcos-kernel:4.13-0.el8,,2024-04-18,2024-11-25,,2024-09-04,
SCL_OCP_Prd_Aqua_Enforcer,vdpvocpwdapls01.ocp.venetian.com.mo,agent,RHSA-2023:7470,high,,4.14.4,rhcos-kernel,,package,rpm,pkg:/rhcos:4.14_el8:rhcos-kernel:4.13-0.el8,,2023-11-29,2024-11-25,,2024-09-04,
SCL_OCP_Prd_Aqua_Enforcer,vdpvocpwdapls01.ocp.venetian.com.mo,agent,RHSA-2024:0941,high,,4.14.14,rhcos-kernel,,package,rpm,pkg:/rhcos:4.14_el8:rhcos-kernel:4.13-0.el8,,2024-02-28,2024-11-25,,2024-09-04,
SCL_OCP_Prd_Aqua_Enforcer,vdpvocpwdapls01.ocp.venetian.com.mo,agent,RHSA-2023:7599,high,,4.14.5,rhcos-kernel,,package,rpm,pkg:/rhcos:4.14_el8:rhcos-kernel:4.13-0.el8,,2023-12-05,2024-11-25,,2024-09-04,
SCL_OCP_Prd_Aqua_Enforcer,vdpvocpwdapls01.ocp.venetian.com.mo,agent,RHSA-2024:1891,high,,4.14.22,rhcos-kernel,,package,rpm,pkg:/rhcos:4.14_el8:rhcos-kernel:4.13-0.el8,,2024-04-26,2024-11-25,,2024-09-04,
SCL_OCP_Prd_Aqua_Enforcer,vdpvocpwdapls01.ocp.venetian.com.mo,agent,RHSA-2023:7315,high,,4.14.3,rhcos-kernel,,package,rpm,pkg:/rhcos:4.14_el8:rhcos-kernel:4.13-0.el8,,2023-11-21,2024-11-25,,2024-09-04,
SCL_OCP_Prd_Aqua_Enforcer,vdpvocpwdapls01.ocp.venetian.com.mo,agent,RHSA-2023:6837,high,,4.14.2,rhcos-kernel,,package,rpm,pkg:/rhcos:4.14_el8:rhcos-kernel:4.13-0.el8,,2023-11-15,2024-11-25,,2024-09-04,
SCL_OCP_Prd_Aqua_Enforcer,vdpvocpwdapls01.ocp.venetian.com.mo,agent,RHSA-2023:5005,high,,4.14.0,rhcos-kernel,,package,rpm,pkg:/rhcos:4.14_el8:rhcos-kernel:4.13-0.el8,,2023-10-31,2024-11-25,,2024-09-04,
SCL_OCP_Prd_Aqua_Enforcer,vdpvocpwdapls01.ocp.venetian.com.mo,agent,RHSA-2024:4960,high,,4.14.34,rhcos-kernel,,package,rpm,pkg:/rhcos:4.14_el8:rhcos-kernel:4.13-0.el8,,2024-08-07,2024-11-25,,2024-09-04,
SCL_OCP_Prd_Aqua_Enforcer,vdpvocpwdapls01.ocp.venetian.com.mo,agent,RHSA-2024:4479,high,,4.14.33,rhcos-kernel,,package,rpm,pkg:/rhcos:4.14_el8:rhcos-kernel:4.13-0.el8,,2024-07-17,2024-11-25,,2024-09-04,
SCL_OCP_Prd_Aqua_Enforcer,vdpvocpwdapls01.ocp.venetian.com.mo,agent,RHSA-2024:2668,high,,4.14.24,rhcos-kernel,,package,rpm,pkg:/rhcos:4.14_el8:rhcos-kernel:4.13-0.el8,,2024-05-09,2024-11-25,,2024-09-04,
SCL_OCP_Prd_Aqua_Enforcer,vdpvocpwdapls01.ocp.venetian.com.mo,agent,RHSA-2023:6836,high,,4.14.2,rhcos-kernel,,package,rpm,pkg:/rhcos:4.14_el8:rhcos-kernel:4.13-0.el8,,2023-11-15,2024-11-25,,2024-09-04,
SCL_OCP_Prd_Aqua_Enforcer,vdpvocpwdapls01.ocp.venetian.com.mo,agent,RHSA-2023:5006,high,,4.14.0,rhcos-kernel,,package,rpm,pkg:/rhcos:4.14_el8:rhcos-kernel:4.13-0.el8,,2023-10-31,2024-11-25,,2024-09-04,
SCL_OCP_Prd_Aqua_Enforcer,vdpvocpwdapls01.ocp.venetian.com.mo,agent,RHSA-2024:5433,high,,4.14.35,rhcos-kernel,,package,rpm,pkg:/rhcos:4.14_el8:rhcos-kernel:4.13-0.el8,,2024-08-22,2024-11-25,,2024-09-04,
SCL_OCP_Prd_Aqua_Enforcer,vdpvocpwdapls01.ocp.venetian.com.mo,agent,RHSA-2024:6009,high,,,rhcos-kernel,,package,rpm,pkg:/rhcos:4.14_el8:rhcos-kernel:4.13-0.el8,,2024-09-04,2024-11-25,,2024-09-05,
SCL_OCP_Prd_Aqua_Enforcer,vdpvocpwdapls01.ocp.venetian.com.mo,agent,RHSA-2024:6016,high,,,rhcos-kernel,,package,rpm,pkg:/rhcos:4.14_el8:rhcos-kernel:4.13-0.el8,,2024-09-05,2024-11-25,,2024-09-06,
SCL_OCP_Prd_Aqua_Enforcer,vdpvocpwdapls01.ocp.venetian.com.mo,agent,RHSA-2024:6013,high,,,rhcos-kernel,,package,rpm,pkg:/rhcos:4.14_el8:rhcos-kernel:4.13-0.el8,,2024-09-05,2024-11-25,,2024-09-06,
SCL_OCP_Prd_Aqua_Enforcer,vdpvocpwdapls01.ocp.venetian.com.mo,agent,RHSA-2024:6406,high,,4.14.36,rhcos-kernel,,package,rpm,pkg:/rhcos:4.14_el8:rhcos-kernel:4.13-0.el8,,2024-09-11,2024-11-25,,2024-09-12,
SCL_OCP_Prd_Aqua_Enforcer,vdpvocpwdapls01.ocp.venetian.com.mo,agent,RHSA-2024:6691,high,,,rhcos-kernel,,package,rpm,pkg:/rhcos:4.14_el8:rhcos-kernel:4.13-0.el8,,2024-09-19,2024-11-25,,2024-09-20,
SCL_OCP_Prd_Aqua_Enforcer,vdpvocpwdapls01.ocp.venetian.com.mo,agent,RHSA-2024:6689,high,,4.14.37,rhcos-kernel,,package,rpm,pkg:/rhcos:4.14_el8:rhcos-kernel:4.13-0.el8,,2024-09-19,2024-11-25,,2024-09-20,
SCL_OCP_Prd_Aqua_Enforcer,vdpvocpwdapls01.ocp.venetian.com.mo,agent,RHSA-2024:6685,high,,,rhcos-kernel,,package,rpm,pkg:/rhcos:4.14_el8:rhcos-kernel:4.13-0.el8,,2024-09-19,2024-11-25,,2024-09-21,
SCL_OCP_Prd_Aqua_Enforcer,vdpvocpwdapls01.ocp.venetian.com.mo,agent,RHSA-2024:6811,high,,,rhcos-kernel,,package,rpm,pkg:/rhcos:4.14_el8:rhcos-kernel:4.13-0.el8,,2024-09-25,2024-11-25,,2024-09-26,
SCL_OCP_Prd_Aqua_Enforcer,vdpvocpwdapls01.ocp.venetian.com.mo,agent,RHSA-2024:7187,high,,4.14.38,skopeo,,package,rpm,pkg:/rhcos:4.14_el8:skopeo:2:1.11.3-0.1.rhaos4.14.el9,,2024-10-03,2024-11-25,,2024-10-05,
SCL_OCP_Prd_Aqua_Enforcer,vdpvocpwdapls01.ocp.venetian.com.mo,agent,RHSA-2024:7187,high,,4.14.38,crun,,package,rpm,pkg:/rhcos:4.14_el8:crun:1.14-1.rhaos4.14.el9,,2024-10-03,2024-11-25,,2024-10-05,
SCL_OCP_Prd_Aqua_Enforcer,vdpvocpwdapls01.ocp.venetian.com.mo,agent,RHSA-2024:7187,high,,4.14.38,runc,,package,rpm,pkg:/rhcos:4.14_el8:runc:4:1.1.12-1.2.rhaos4.14.el9,,2024-10-03,2024-11-25,,2024-10-05,
SCL_OCP_Prd_Aqua_Enforcer,vdpvocpwdapls01.ocp.venetian.com.mo,agent,RHSA-2024:7594,high,,,rhcos-kernel,,package,rpm,pkg:/rhcos:4.14_el8:rhcos-kernel:4.13-0.el8,,2024-10-09,2024-11-25,,2024-10-11,
SCL_OCP_Prd_Aqua_Enforcer,vdpvocpwdapls01.ocp.venetian.com.mo,agent,RHSA-2024:0045,high,,,cri-tools,,package,rpm,pkg:/rhcos:4.14_el8:cri-tools:1.27.0-3.2.el9,,2024-06-27,2024-11-25,,2024-10-21,
SCL_OCP_Prd_Aqua_Enforcer,vdpvocpwdapls01.ocp.venetian.com.mo,agent,RHSA-2024:0045,high,,,skopeo,,package,rpm,pkg:/rhcos:4.14_el8:skopeo:2:1.11.3-0.1.rhaos4.14.el9,,2024-06-27,2024-11-25,,2024-10-21,
SCL_OCP_Prd_Aqua_Enforcer,vdpvocpwdapls01.ocp.venetian.com.mo,agent,RHSA-2024:0045,high,,,toolbox,,package,rpm,pkg:/rhcos:4.14_el8:toolbox:0.1.2-1.rhaos4.14.el9,,2024-06-27,2024-11-25,,2024-10-21,
SCL_OCP_Prd_Aqua_Enforcer,vdpvocpwdapls01.ocp.venetian.com.mo,agent,RHSA-2024:0045,high,,,runc,,package,rpm,pkg:/rhcos:4.14_el8:runc:4:1.1.12-1.2.rhaos4.14.el9,,2024-06-27,2024-11-25,,2024-10-21,
SCL_OCP_Prd_Aqua_Enforcer,vdpvocpwdapls01.ocp.venetian.com.mo,agent,RHSA-2024:0045,high,,,conmon-rs,,package,rpm,pkg:/rhcos:4.14_el8:conmon-rs:0.6.3-1.rhaos4.14.el9,,2024-06-27,2024-11-25,,2024-10-21,
SCL_OCP_Prd_Aqua_Enforcer,vdpvocpwdapls01.ocp.venetian.com.mo,agent,RHSA-2024:0045,high,,,container-selinux,,package,rpm,pkg:/rhcos:4.14_el8:container-selinux:3:2.229.0-1.el9_2,,2024-06-27,2024-11-25,,2024-10-21,
SCL_OCP_Prd_Aqua_Enforcer,vdpvocpwdapls01.ocp.venetian.com.mo,agent,RHSA-2024:0045,high,,,slirp4netns,,package,rpm,pkg:/rhcos:4.14_el8:slirp4netns:1.2.0-3.el9,,2024-06-27,2024-11-25,,2024-10-21,
SCL_OCP_Prd_Aqua_Enforcer,vdpvocpwdapls01.ocp.venetian.com.mo,agent,RHSA-2024:0045,high,,,libslirp,,package,rpm,pkg:/rhcos:4.14_el8:libslirp:4.4.0-7.el9,,2024-06-27,2024-11-25,,2024-10-21,
SCL_OCP_Prd_Aqua_Enforcer,vdpvocpwdapls01.ocp.venetian.com.mo,agent,RHSA-2024:0045,high,,,conmon,,package,rpm,pkg:/rhcos:4.14_el8:conmon:3:2.1.7-3.4.rhaos4.14.el9,,2024-06-27,2024-11-25,,2024-10-21,
SCL_OCP_Prd_Aqua_Enforcer,vdpvocpwdapls01.ocp.venetian.com.mo,agent,RHSA-2024:0045,high,,,containernetworking-plugins,,package,rpm,pkg:/rhcos:4.14_el8:containernetworking-plugins:1:1.2.0-1.el9,,2024-06-27,2024-11-25,,2024-10-21,
SCL_OCP_Prd_Aqua_Enforcer,vdpvocpwdapls01.ocp.venetian.com.mo,agent,RHSA-2024:0045,high,,,cri-o,,package,rpm,pkg:/rhcos:4.14_el8:cri-o:1.27.7-5.rhaos4.14.gitb010143.el9,,2024-06-27,2024-11-25,,2024-10-21,
SCL_OCP_Prd_Aqua_Enforcer,vdpvocpwdapls01.ocp.venetian.com.mo,agent,RHSA-2024:0045,high,,,crun,,package,rpm,pkg:/rhcos:4.14_el8:crun:1.14-1.rhaos4.14.el9,,2024-06-27,2024-11-25,,2024-10-21,
SCL_OCP_Prd_Aqua_Enforcer,vdpvocpwdapls01.ocp.venetian.com.mo,agent,RHSA-2024:0045,high,,,podman,,package,rpm,pkg:/rhcos:4.14_el8:podman:3:4.4.1-14.4.rhaos4.14.el9,,2024-06-27,2024-11-25,,2024-10-21,
SCL_OCP_Prd_Aqua_Enforcer,vdpvocpwdapls01.ocp.venetian.com.mo,agent,RHSA-2024:0045,high,,,fuse-overlayfs,,package,rpm,pkg:/rhcos:4.14_el8:fuse-overlayfs:1.11-1.el9_2,,2024-06-27,2024-11-25,,2024-10-21,
SCL_OCP_Prd_Aqua_Enforcer,vdpvocpwdapls01.ocp.venetian.com.mo,agent,RHSA-2024:8690,high,,,cri-tools,,package,rpm,pkg:/rhcos:4.14_el8:cri-tools:1.27.0-3.2.el9,,2024-11-06,2024-11-25,,2024-11-12,
SCL_OCP_Prd_Aqua_Enforcer,vdpvocpwdapls01.ocp.venetian.com.mo,agent,RHSA-2024:8428,high,,,cri-tools,,package,rpm,pkg:/rhcos:4.14_el8:cri-tools:1.27.0-3.2.el9,,2024-10-31,2024-11-25,,2024-11-12,
SCL_OCP_Prd_Aqua_Enforcer,vdpvocpwdapls01.ocp.venetian.com.mo,agent,RHSA-2024:8263,high,,,cri-tools,,package,rpm,pkg:/rhcos:4.14_el8:cri-tools:1.27.0-3.2.el9,,2024-10-24,2024-11-25,,2024-11-12,
SCL_OCP_Prd_Aqua_Enforcer,vdpvocpwdapls01.ocp.venetian.com.mo,agent,RHSA-2024:8700,high,,4.14.40,cri-tools,,package,rpm,pkg:/rhcos:4.14_el8:cri-tools:1.27.0-3.2.el9,,2024-11-08,2024-11-25,,2024-11-12,
SCL_OCP_Prd_Aqua_Enforcer,vdpvocpwdapls01.ocp.venetian.com.mo,agent,RHSA-2024:8690,high,,,conmon,,package,rpm,pkg:/rhcos:4.14_el8:conmon:3:2.1.7-3.4.rhaos4.14.el9,,2024-11-06,2024-11-25,,2024-11-12,
SCL_OCP_Prd_Aqua_Enforcer,vdpvocpwdapls01.ocp.venetian.com.mo,agent,RHSA-2024:8428,high,,,conmon,,package,rpm,pkg:/rhcos:4.14_el8:conmon:3:2.1.7-3.4.rhaos4.14.el9,,2024-10-31,2024-11-25,,2024-11-12,
SCL_OCP_Prd_Aqua_Enforcer,vdpvocpwdapls01.ocp.venetian.com.mo,agent,RHSA-2024:8263,high,,,conmon,,package,rpm,pkg:/rhcos:4.14_el8:conmon:3:2.1.7-3.4.rhaos4.14.el9,,2024-10-24,2024-11-25,,2024-11-12,
SCL_OCP_Prd_Aqua_Enforcer,vdpvocpwdapls01.ocp.venetian.com.mo,agent,RHSA-2024:8700,high,,4.14.40,conmon,,package,rpm,pkg:/rhcos:4.14_el8:conmon:3:2.1.7-3.4.rhaos4.14.el9,,2024-11-08,2024-11-25,,2024-11-12,
SCL_OCP_Prd_Aqua_Enforcer,vdpvocpwdapls01.ocp.venetian.com.mo,agent,RHSA-2024:8690,high,,,cri-o,,package,rpm,pkg:/rhcos:4.14_el8:cri-o:1.27.7-5.rhaos4.14.gitb010143.el9,,2024-11-06,2024-11-25,,2024-11-12,
SCL_OCP_Prd_Aqua_Enforcer,vdpvocpwdapls01.ocp.venetian.com.mo,agent,RHSA-2024:8428,high,,,cri-o,,package,rpm,pkg:/rhcos:4.14_el8:cri-o:1.27.7-5.rhaos4.14.gitb010143.el9,,2024-10-31,2024-11-25,,2024-11-12,
SCL_OCP_Prd_Aqua_Enforcer,vdpvocpwdapls01.ocp.venetian.com.mo,agent,RHSA-2024:8263,high,,,cri-o,,package,rpm,pkg:/rhcos:4.14_el8:cri-o:1.27.7-5.rhaos4.14.gitb010143.el9,,2024-10-24,2024-11-25,,2024-11-12,
SCL_OCP_Prd_Aqua_Enforcer,vdpvocpwdapls01.ocp.venetian.com.mo,agent,RHSA-2024:8690,high,,,skopeo,,package,rpm,pkg:/rhcos:4.14_el8:skopeo:2:1.11.3-0.1.rhaos4.14.el9,,2024-11-06,2024-11-25,,2024-11-12,
SCL_OCP_Prd_Aqua_Enforcer,vdpvocpwdapls01.ocp.venetian.com.mo,agent,RHSA-2024:8428,high,,,skopeo,,package,rpm,pkg:/rhcos:4.14_el8:skopeo:2:1.11.3-0.1.rhaos4.14.el9,,2024-10-31,2024-11-25,,2024-11-12,
SCL_OCP_Prd_Aqua_Enforcer,vdpvocpwdapls01.ocp.venetian.com.mo,agent,RHSA-2024:8263,high,,,skopeo,,package,rpm,pkg:/rhcos:4.14_el8:skopeo:2:1.11.3-0.1.rhaos4.14.el9,,2024-10-24,2024-11-25,,2024-11-12,
SCL_OCP_Prd_Aqua_Enforcer,vdpvocpwdapls01.ocp.venetian.com.mo,agent,RHSA-2024:8700,high,,4.14.40,skopeo,,package,rpm,pkg:/rhcos:4.14_el8:skopeo:2:1.11.3-0.1.rhaos4.14.el9,,2024-11-08,2024-11-25,,2024-11-12,
SCL_OCP_Prd_Aqua_Enforcer,vdpvocpwdapls01.ocp.venetian.com.mo,agent,RHSA-2024:8690,high,,,podman,,package,rpm,pkg:/rhcos:4.14_el8:podman:3:4.4.1-14.4.rhaos4.14.el9,,2024-11-06,2024-11-25,,2024-11-12,
SCL_OCP_Prd_Aqua_Enforcer,vdpvocpwdapls01.ocp.venetian.com.mo,agent,RHSA-2024:8686,high,,,podman,,package,rpm,pkg:/rhcos:4.14_el8:podman:3:4.4.1-14.4.rhaos4.14.el9,,2024-11-06,2024-11-25,,2024-11-12,
SCL_OCP_Prd_Aqua_Enforcer,vdpvocpwdapls01.ocp.venetian.com.mo,agent,RHSA-2024:8428,high,,,podman,,package,rpm,pkg:/rhcos:4.14_el8:podman:3:4.4.1-14.4.rhaos4.14.el9,,2024-10-31,2024-11-25,,2024-11-12,
SCL_OCP_Prd_Aqua_Enforcer,vdpvocpwdapls01.ocp.venetian.com.mo,agent,RHSA-2024:8263,high,,,podman,,package,rpm,pkg:/rhcos:4.14_el8:podman:3:4.4.1-14.4.rhaos4.14.el9,,2024-10-24,2024-11-25,,2024-11-12,
SCL_OCP_Prd_Aqua_Enforcer,vdpvocpwdapls01.ocp.venetian.com.mo,agent,RHSA-2024:8700,high,,4.14.40,podman,,package,rpm,pkg:/rhcos:4.14_el8:podman:3:4.4.1-14.4.rhaos4.14.el9,,2024-11-08,2024-11-25,,2024-11-12,
SCL_OCP_Prd_Aqua_Enforcer,vdpvocpwdapls01.ocp.venetian.com.mo,agent,RHSA-2024:8690,high,,,containernetworking-plugins,,package,rpm,pkg:/rhcos:4.14_el8:containernetworking-plugins:1:1.2.0-1.el9,,2024-11-06,2024-11-25,,2024-11-12,
SCL_OCP_Prd_Aqua_Enforcer,vdpvocpwdapls01.ocp.venetian.com.mo,agent,RHSA-2024:8428,high,,,containernetworking-plugins,,package,rpm,pkg:/rhcos:4.14_el8:containernetworking-plugins:1:1.2.0-1.el9,,2024-10-31,2024-11-25,,2024-11-12,
SCL_OCP_Prd_Aqua_Enforcer,vdpvocpwdapls01.ocp.venetian.com.mo,agent,RHSA-2024:8263,high,,,containernetworking-plugins,,package,rpm,pkg:/rhcos:4.14_el8:containernetworking-plugins:1:1.2.0-1.el9,,2024-10-24,2024-11-25,,2024-11-12,
SCL_OCP_Prd_Aqua_Enforcer,vdpvocpwdapls01.ocp.venetian.com.mo,agent,RHSA-2024:8700,high,,4.14.40,containernetworking-plugins,,package,rpm,pkg:/rhcos:4.14_el8:containernetworking-plugins:1:1.2.0-1.el9,,2024-11-08,2024-11-25,,2024-11-12,
SCL_OCP_Prd_Aqua_Enforcer,vdpvocpwdapls01.ocp.venetian.com.mo,agent,RHSA-2024:8690,high,,,runc,,package,rpm,pkg:/rhcos:4.14_el8:runc:4:1.1.12-1.2.rhaos4.14.el9,,2024-11-06,2024-11-25,,2024-11-12,
SCL_OCP_Prd_Aqua_Enforcer,vdpvocpwdapls01.ocp.venetian.com.mo,agent,RHSA-2024:8428,high,,,runc,,package,rpm,pkg:/rhcos:4.14_el8:runc:4:1.1.12-1.2.rhaos4.14.el9,,2024-10-31,2024-11-25,,2024-11-12,
SCL_OCP_Prd_Aqua_Enforcer,vdpvocpwdapls01.ocp.venetian.com.mo,agent,RHSA-2024:8263,high,,,runc,,package,rpm,pkg:/rhcos:4.14_el8:runc:4:1.1.12-1.2.rhaos4.14.el9,,2024-10-24,2024-11-25,,2024-11-12,
SCL_OCP_Prd_Aqua_Enforcer,vdpvocpwdapls01.ocp.venetian.com.mo,agent,RHSA-2024:8700,high,,4.14.40,runc,,package,rpm,pkg:/rhcos:4.14_el8:runc:4:1.1.12-1.2.rhaos4.14.el9,,2024-11-08,2024-11-25,,2024-11-12,
SCL_OCP_Prd_Aqua_Enforcer,vdpvocpwdapls01.ocp.venetian.com.mo,agent,RHSA-2024:8688,high,,,rhcos-kernel,,package,rpm,pkg:/rhcos:4.14_el8:rhcos-kernel:4.13-0.el8,,2024-11-06,2024-11-25,,2024-11-12,
SCL_OCP_Prd_Aqua_Enforcer,vdpvocpwdapls01.ocp.venetian.com.mo,agent,RHSA-2024:8425,high,,,rhcos-kernel,,package,rpm,pkg:/rhcos:4.14_el8:rhcos-kernel:4.13-0.el8,,2024-10-31,2024-11-25,,2024-11-12,
SCL_OCP_Prd_Aqua_Enforcer,vdpvocpwdapls01.ocp.venetian.com.mo,agent,RHSA-2024:7939,high,,,rhcos-kernel,,package,rpm,pkg:/rhcos:4.14_el8:rhcos-kernel:4.13-0.el8,,2024-10-16,2024-11-25,,2024-11-12,
SCL_OCP_Prd_Aqua_Enforcer,vdpvocpwdapls01.ocp.venetian.com.mo,agent,RHSA-2024:8697,high,,4.14.40,rhcos-kernel,,package,rpm,pkg:/rhcos:4.14_el8:rhcos-kernel:4.13-0.el8,,2024-11-08,2024-11-25,,2024-11-12,
SCL_OCP_Prd_Aqua_Enforcer,vdpvocpwdapls01.ocp.venetian.com.mo,agent,RHSA-2024:8235,high,,4.14.39,rhcos-kernel,,package,rpm,pkg:/rhcos:4.14_el8:rhcos-kernel:4.13-0.el8,,2024-10-23,2024-11-25,,2024-11-12,
SCL_OCP_Prd_Aqua_Enforcer,vdpvocpwdapls01.ocp.venetian.com.mo,agent,RHSA-2024:8994,high,,,podman,,package,rpm,pkg:/rhcos:4.14_el8:podman:3:4.4.1-14.4.rhaos4.14.el9,,2024-11-13,2024-11-25,,2024-11-24,
SCL_OCP_Prd_Aqua_Enforcer,vdpvocpwdapls01.ocp.venetian.com.mo,agent,RHSA-2024:8991,high,,,rhcos-kernel,,package,rpm,pkg:/rhcos:4.14_el8:rhcos-kernel:4.13-0.el8,,2024-11-13,2024-11-25,,2024-11-24,
SCL_OCP_Prd_Aqua_Enforcer,vdpvocpwdapls01.ocp.venetian.com.mo,agent,RHSA-2024:8694,high,,,container-selinux,,package,rpm,pkg:/rhcos:4.14_el8:container-selinux:3:2.229.0-1.el9_2,,2024-11-07,2024-11-25,,2024-11-25,
SCL_OCP_Prd_Aqua_Enforcer,vdpvocpwdapls01.ocp.venetian.com.mo,agent,RHSA-2023:1325,high,,,container-selinux,,package,rpm,pkg:/rhcos:4.14_el8:container-selinux:3:2.229.0-1.el9_2,,2023-05-18,2024-11-25,,2024-11-25,
SCL_OCP_Prd_Aqua_Enforcer,vdpvocpwdapls01.ocp.venetian.com.mo,agent,RHSA-2021:4833,high,,,container-selinux,,package,rpm,pkg:/rhcos:4.14_el8:container-selinux:3:2.229.0-1.el9_2,,2021-11-29,2024-11-25,,2024-11-25,
SCL_OCP_Prd_Aqua_Enforcer,vdpvocpwdapls01.ocp.venetian.com.mo,agent,RHSA-2024:8694,high,,,runc,,package,rpm,pkg:/rhcos:4.14_el8:runc:4:1.1.12-1.2.rhaos4.14.el9,,2024-11-07,2024-11-25,,2024-11-25,
SCL_OCP_Prd_Aqua_Enforcer,vdpvocpwdapls01.ocp.venetian.com.mo,agent,RHSA-2024:1574,high,,,runc,,package,rpm,pkg:/rhcos:4.14_el8:runc:4:1.1.12-1.2.rhaos4.14.el9,,2024-04-03,2024-11-25,,2024-11-25,
SCL_OCP_Prd_Aqua_Enforcer,vdpvocpwdapls01.ocp.venetian.com.mo,agent,RHSA-2024:1899,high,,,runc,,package,rpm,pkg:/rhcos:4.14_el8:runc:4:1.1.12-1.2.rhaos4.14.el9,,2024-04-26,2024-11-25,,2024-11-25,
SCL_OCP_Prd_Aqua_Enforcer,vdpvocpwdapls01.ocp.venetian.com.mo,agent,RHSA-2023:1325,high,,,runc,,package,rpm,pkg:/rhcos:4.14_el8:runc:4:1.1.12-1.2.rhaos4.14.el9,,2023-05-18,2024-11-25,,2024-11-25,
SCL_OCP_Prd_Aqua_Enforcer,vdpvocpwdapls01.ocp.venetian.com.mo,agent,RHSA-2022:1021,high,,,runc,,package,rpm,pkg:/rhcos:4.14_el8:runc:4:1.1.12-1.2.rhaos4.14.el9,,2022-03-29,2024-11-25,,2024-11-25,
SCL_OCP_Prd_Aqua_Enforcer,vdpvocpwdapls01.ocp.venetian.com.mo,agent,RHSA-2021:2057,high,,,runc,,package,rpm,pkg:/rhcos:4.14_el8:runc:4:1.1.12-1.2.rhaos4.14.el9,,2021-05-26,2024-11-25,,2024-11-25,
SCL_OCP_Prd_Aqua_Enforcer,vdpvocpwdapls01.ocp.venetian.com.mo,agent,RHSA-2021:1566,high,,,runc,,package,rpm,pkg:/rhcos:4.14_el8:runc:4:1.1.12-1.2.rhaos4.14.el9,,2021-05-26,2024-11-25,,2024-11-25,
SCL_OCP_Prd_Aqua_Enforcer,vdpvocpwdapls01.ocp.venetian.com.mo,agent,RHSA-2021:1562,high,,,runc,,package,rpm,pkg:/rhcos:4.14_el8:runc:4:1.1.12-1.2.rhaos4.14.el9,,2021-05-24,2024-11-25,,2024-11-25,
SCL_OCP_Prd_Aqua_Enforcer,vdpvocpwdapls01.ocp.venetian.com.mo,agent,RHSA-2021:0429,high,,,runc,,package,rpm,pkg:/rhcos:4.14_el8:runc:4:1.1.12-1.2.rhaos4.14.el9,,2021-03-03,2024-11-25,,2024-11-25,
SCL_OCP_Prd_Aqua_Enforcer,vdpvocpwdapls01.ocp.venetian.com.mo,agent,RHSA-2021:0423,high,,,runc,,package,rpm,pkg:/rhcos:4.14_el8:runc:4:1.1.12-1.2.rhaos4.14.el9,,2021-02-17,2024-11-25,,2024-11-25,
SCL_OCP_Prd_Aqua_Enforcer,vdpvocpwdapls01.ocp.venetian.com.mo,agent,RHSA-2021:2763,high,,,systemd-journal-remote,,package,rpm,pkg:/rhcos:4.14_el8:systemd-journal-remote:252-14.el9_2.7,,2021-07-26,2024-11-25,,2024-11-25,
SCL_OCP_Prd_Aqua_Enforcer,vdpvocpwdapls01.ocp.venetian.com.mo,agent,RHSA-2024:1574,high,,,libslirp,,package,rpm,pkg:/rhcos:4.14_el8:libslirp:4.4.0-7.el9,,2024-04-03,2024-11-25,,2024-11-25,
SCL_OCP_Prd_Aqua_Enforcer,vdpvocpwdapls01.ocp.venetian.com.mo,agent,RHSA-2023:1325,high,,,libslirp,,package,rpm,pkg:/rhcos:4.14_el8:libslirp:4.4.0-7.el9,,2023-05-18,2024-11-25,,2024-11-25,
SCL_OCP_Prd_Aqua_Enforcer,vdpvocpwdapls01.ocp.venetian.com.mo,agent,RHSA-2023:1325,high,,,fuse-overlayfs,,package,rpm,pkg:/rhcos:4.14_el8:fuse-overlayfs:1.11-1.el9_2,,2023-05-18,2024-11-25,,2024-11-25,
SCL_OCP_Prd_Aqua_Enforcer,vdpvocpwdapls01.ocp.venetian.com.mo,agent,RHSA-2024:8694,high,,,conmon,,package,rpm,pkg:/rhcos:4.14_el8:conmon:3:2.1.7-3.4.rhaos4.14.el9,,2024-11-07,2024-11-25,,2024-11-25,
SCL_OCP_Prd_Aqua_Enforcer,vdpvocpwdapls01.ocp.venetian.com.mo,agent,RHSA-2024:1574,high,,,conmon,,package,rpm,pkg:/rhcos:4.14_el8:conmon:3:2.1.7-3.4.rhaos4.14.el9,,2024-04-03,2024-11-25,,2024-11-25,
SCL_OCP_Prd_Aqua_Enforcer,vdpvocpwdapls01.ocp.venetian.com.mo,agent,RHSA-2024:1899,high,,,conmon,,package,rpm,pkg:/rhcos:4.14_el8:conmon:3:2.1.7-3.4.rhaos4.14.el9,,2024-04-26,2024-11-25,,2024-11-25,
SCL_OCP_Prd_Aqua_Enforcer,vdpvocpwdapls01.ocp.venetian.com.mo,agent,RHSA-2023:1325,high,,,conmon,,package,rpm,pkg:/rhcos:4.14_el8:conmon:3:2.1.7-3.4.rhaos4.14.el9,,2023-05-18,2024-11-25,,2024-11-25,
SCL_OCP_Prd_Aqua_Enforcer,vdpvocpwdapls01.ocp.venetian.com.mo,agent,RHSA-2022:4947,high,,,conmon,,package,rpm,pkg:/rhcos:4.14_el8:conmon:3:2.1.7-3.4.rhaos4.14.el9,,2022-06-17,2024-11-25,,2024-11-25,
SCL_OCP_Prd_Aqua_Enforcer,vdpvocpwdapls01.ocp.venetian.com.mo,agent,RHSA-2021:0429,high,,,conmon,,package,rpm,pkg:/rhcos:4.14_el8:conmon:3:2.1.7-3.4.rhaos4.14.el9,,2021-03-03,2024-11-25,,2024-11-25,
SCL_OCP_Prd_Aqua_Enforcer,vdpvocpwdapls01.ocp.venetian.com.mo,agent,RHSA-2024:8694,high,,,containernetworking-plugins,,package,rpm,pkg:/rhcos:4.14_el8:containernetworking-plugins:1:1.2.0-1.el9,,2024-11-07,2024-11-25,,2024-11-25,
SCL_OCP_Prd_Aqua_Enforcer,vdpvocpwdapls01.ocp.venetian.com.mo,agent,RHSA-2024:1574,high,,,containernetworking-plugins,,package,rpm,pkg:/rhcos:4.14_el8:containernetworking-plugins:1:1.2.0-1.el9,,2024-04-03,2024-11-25,,2024-11-25,
SCL_OCP_Prd_Aqua_Enforcer,vdpvocpwdapls01.ocp.venetian.com.mo,agent,RHSA-2024:1899,high,,,containernetworking-plugins,,package,rpm,pkg:/rhcos:4.14_el8:containernetworking-plugins:1:1.2.0-1.el9,,2024-04-26,2024-11-25,,2024-11-25,
SCL_OCP_Prd_Aqua_Enforcer,vdpvocpwdapls01.ocp.venetian.com.mo,agent,RHSA-2023:1325,high,,,containernetworking-plugins,,package,rpm,pkg:/rhcos:4.14_el8:containernetworking-plugins:1:1.2.0-1.el9,,2023-05-18,2024-11-25,,2024-11-25,
SCL_OCP_Prd_Aqua_Enforcer,vdpvocpwdapls01.ocp.venetian.com.mo,agent,RHSA-2024:8694,high,,,ignition,,package,rpm,pkg:/rhcos:4.14_el8:ignition:2.16.2-2.2.rhaos4.14.el9,,2024-11-07,2024-11-25,,2024-11-25,
SCL_OCP_Prd_Aqua_Enforcer,vdpvocpwdapls01.ocp.venetian.com.mo,agent,RHSA-2024:1574,high,,,ignition,,package,rpm,pkg:/rhcos:4.14_el8:ignition:2.16.2-2.2.rhaos4.14.el9,,2024-04-03,2024-11-25,,2024-11-25,
SCL_OCP_Prd_Aqua_Enforcer,vdpvocpwdapls01.ocp.venetian.com.mo,agent,RHSA-2024:1899,high,,,ignition,,package,rpm,pkg:/rhcos:4.14_el8:ignition:2.16.2-2.2.rhaos4.14.el9,,2024-04-26,2024-11-25,,2024-11-25,
SCL_OCP_Prd_Aqua_Enforcer,vdpvocpwdapls01.ocp.venetian.com.mo,agent,RHSA-2022:4947,high,,,ignition,,package,rpm,pkg:/rhcos:4.14_el8:ignition:2.16.2-2.2.rhaos4.14.el9,,2022-06-17,2024-11-25,,2024-11-25,
SCL_OCP_Prd_Aqua_Enforcer,vdpvocpwdapls01.ocp.venetian.com.mo,agent,RHSA-2022:1153,high,,,ignition,,package,rpm,pkg:/rhcos:4.14_el8:ignition:2.16.2-2.2.rhaos4.14.el9,,2022-04-11,2024-11-25,,2024-11-25,
SCL_OCP_Prd_Aqua_Enforcer,vdpvocpwdapls01.ocp.venetian.com.mo,agent,RHSA-2019:3131,high,,,ignition,,package,rpm,pkg:/rhcos:4.14_el8:ignition:2.16.2-2.2.rhaos4.14.el9,,2019-10-16,2024-11-25,,2024-11-25,
SCL_OCP_Prd_Aqua_Enforcer,vdpvocpwdapls01.ocp.venetian.com.mo,agent,RHSA-2021:2763,high,,,systemd-libs,,package,rpm,pkg:/rhcos:4.14_el8:systemd-libs:252-14.el9_2.7,,2021-07-26,2024-11-25,,2024-11-25,
SCL_OCP_Prd_Aqua_Enforcer,vdpvocpwdapls01.ocp.venetian.com.mo,agent,RHSA-2021:0038,high,,,console-login-helper-messages-profile,,package,rpm,pkg:/rhcos:4.14_el8:console-login-helper-messages-profile:0.21.3-1.el9,,2021-01-18,2024-11-25,,2024-11-25,
SCL_OCP_Prd_Aqua_Enforcer,vdpvocpwdapls01.ocp.venetian.com.mo,agent,RHSA-2021:2763,high,,,systemd-udev,,package,rpm,pkg:/rhcos:4.14_el8:systemd-udev:252-14.el9_2.7,,2021-07-26,2024-11-25,,2024-11-25,
SCL_OCP_Prd_Aqua_Enforcer,vdpvocpwdapls01.ocp.venetian.com.mo,agent,RHSA-2021:2555,high,,,polkit-libs,,package,rpm,pkg:/rhcos:4.14_el8:polkit-libs:0.117-11.el9,,2021-07-06,2024-11-25,,2024-11-25,
SCL_OCP_Prd_Aqua_Enforcer,vdpvocpwdapls01.ocp.venetian.com.mo,agent,RHSA-2021:2555,high,,,polkit,,package,rpm,pkg:/rhcos:4.14_el8:polkit:0.117-11.el9,,2021-07-06,2024-11-25,,2024-11-25,
SCL_OCP_Prd_Aqua_Enforcer,vdpvocpwdapls01.ocp.venetian.com.mo,agent,RHSA-2023:1325,high,,,criu-libs,,package,rpm,pkg:/rhcos:4.14_el8:criu-libs:3.17-5.el9_2,,2023-05-18,2024-11-25,,2024-11-25,
SCL_OCP_Prd_Aqua_Enforcer,vdpvocpwdapls01.ocp.venetian.com.mo,agent,RHSA-2021:2763,high,,,systemd,,package,rpm,pkg:/rhcos:4.14_el8:systemd:252-14.el9_2.7,,2021-07-26,2024-11-25,,2024-11-25,
SCL_OCP_Prd_Aqua_Enforcer,vdpvocpwdapls01.ocp.venetian.com.mo,agent,RHSA-2021:0038,high,,,console-login-helper-messages,,package,rpm,pkg:/rhcos:4.14_el8:console-login-helper-messages:0.21.3-1.el9,,2021-01-18,2024-11-25,,2024-11-25,
SCL_OCP_Prd_Aqua_Enforcer,vdpvocpwdapls01.ocp.venetian.com.mo,agent,RHSA-2023:1325,high,,,criu,,package,rpm,pkg:/rhcos:4.14_el8:criu:3.17-5.el9_2,,2023-05-18,2024-11-25,,2024-11-25,
SCL_OCP_Prd_Aqua_Enforcer,vdpvocpwdapls01.ocp.venetian.com.mo,agent,RHSA-2021:0038,high,,,console-login-helper-messages-issuegen,,package,rpm,pkg:/rhcos:4.14_el8:console-login-helper-messages-issuegen:0.21.3-1.el9,,2021-01-18,2024-11-25,,2024-11-25,
SCL_OCP_Prd_Aqua_Enforcer,vdpvocpwdapls01.ocp.venetian.com.mo,agent,RHSA-2021:4829,high,,,coreos-installer,,package,rpm,pkg:/rhcos:4.14_el8:coreos-installer:0.17.0-2.el9_2,,2021-11-30,2024-11-25,,2024-11-25,
SCL_OCP_Prd_Aqua_Enforcer,vdpvocpwdapls01.ocp.venetian.com.mo,agent,RHSA-2024:8694,high,,,cri-tools,,package,rpm,pkg:/rhcos:4.14_el8:cri-tools:1.27.0-3.2.el9,,2024-11-07,2024-11-25,,2024-11-25,
SCL_OCP_Prd_Aqua_Enforcer,vdpvocpwdapls01.ocp.venetian.com.mo,agent,RHSA-2024:1574,high,,,cri-tools,,package,rpm,pkg:/rhcos:4.14_el8:cri-tools:1.27.0-3.2.el9,,2024-04-03,2024-11-25,,2024-11-25,
SCL_OCP_Prd_Aqua_Enforcer,vdpvocpwdapls01.ocp.venetian.com.mo,agent,RHSA-2024:1899,high,,,cri-tools,,package,rpm,pkg:/rhcos:4.14_el8:cri-tools:1.27.0-3.2.el9,,2024-04-26,2024-11-25,,2024-11-25,
SCL_OCP_Prd_Aqua_Enforcer,vdpvocpwdapls01.ocp.venetian.com.mo,agent,RHSA-2022:4947,high,,,cri-tools,,package,rpm,pkg:/rhcos:4.14_el8:cri-tools:1.27.0-3.2.el9,,2022-06-17,2024-11-25,,2024-11-25,
SCL_OCP_Prd_Aqua_Enforcer,vdpvocpwdapls01.ocp.venetian.com.mo,agent,RHSA-2022:1153,high,,,cri-tools,,package,rpm,pkg:/rhcos:4.14_el8:cri-tools:1.27.0-3.2.el9,,2022-04-11,2024-11-25,,2024-11-25,
SCL_OCP_Prd_Aqua_Enforcer,vdpvocpwdapls01.ocp.venetian.com.mo,agent,RHSA-2019:3131,high,,,cri-tools,,package,rpm,pkg:/rhcos:4.14_el8:cri-tools:1.27.0-3.2.el9,,2019-10-16,2024-11-25,,2024-11-25,
SCL_OCP_Prd_Aqua_Enforcer,vdpvocpwdapls01.ocp.venetian.com.mo,agent,RHSA-2024:8694,high,,,skopeo,,package,rpm,pkg:/rhcos:4.14_el8:skopeo:2:1.11.3-0.1.rhaos4.14.el9,,2024-11-07,2024-11-25,,2024-11-25,
SCL_OCP_Prd_Aqua_Enforcer,vdpvocpwdapls01.ocp.venetian.com.mo,agent,RHSA-2024:1574,high,,,skopeo,,package,rpm,pkg:/rhcos:4.14_el8:skopeo:2:1.11.3-0.1.rhaos4.14.el9,,2024-04-03,2024-11-25,,2024-11-25,
SCL_OCP_Prd_Aqua_Enforcer,vdpvocpwdapls01.ocp.venetian.com.mo,agent,RHSA-2024:1899,high,,,skopeo,,package,rpm,pkg:/rhcos:4.14_el8:skopeo:2:1.11.3-0.1.rhaos4.14.el9,,2024-04-26,2024-11-25,,2024-11-25,
SCL_OCP_Prd_Aqua_Enforcer,vdpvocpwdapls01.ocp.venetian.com.mo,agent,RHSA-2024:2784,high,,,skopeo,,package,rpm,pkg:/rhcos:4.14_el8:skopeo:2:1.11.3-0.1.rhaos4.14.el9,,2024-05-16,2024-11-25,,2024-11-25,
SCL_OCP_Prd_Aqua_Enforcer,vdpvocpwdapls01.ocp.venetian.com.mo,agent,RHSA-2023:3409,high,,,skopeo,,package,rpm,pkg:/rhcos:4.14_el8:skopeo:2:1.11.3-0.1.rhaos4.14.el9,,2023-06-07,2024-11-25,,2024-11-25,
SCL_OCP_Prd_Aqua_Enforcer,vdpvocpwdapls01.ocp.venetian.com.mo,agent,RHSA-2021:2763,high,,,systemd-pam,,package,rpm,pkg:/rhcos:4.14_el8:systemd-pam:252-14.el9_2.7,,2021-07-26,2024-11-25,,2024-11-25,
SCL_OCP_Prd_Aqua_Enforcer,vdpvocpwdapls01.ocp.venetian.com.mo,agent,RHSA-2023:5009,critical,,4.14.0,crun,,package,rpm,pkg:/rhcos:4.14_el8:crun:1.14-1.rhaos4.14.el9,,2023-10-31,2024-11-25,,2024-09-04,
SCL_OCP_Prd_Aqua_Enforcer,vdpvocpwdapls01.ocp.venetian.com.mo,agent,RHSA-2023:5009,critical,,4.14.0,runc,,package,rpm,pkg:/rhcos:4.14_el8:runc:4:1.1.12-1.2.rhaos4.14.el9,,2023-10-31,2024-11-25,,2024-09-04,
SCL_OCP_Prd_Aqua_Enforcer,vdpvocpwdapls01.ocp.venetian.com.mo,agent,RHSA-2023:5009,critical,,4.14.0,coreos-installer,,package,rpm,pkg:/rhcos:4.14_el8:coreos-installer:0.17.0-2.el9_2,,2023-10-31,2024-11-25,,2024-09-04,
SCL_OCP_Prd_Aqua_Enforcer,vdpvocpwdapls01.ocp.venetian.com.mo,agent,RHSA-2023:5009,critical,,4.14.0,coreos-installer-bootinfra,,package,rpm,pkg:/rhcos:4.14_el8:coreos-installer-bootinfra:0.17.0-2.el9_2,,2023-10-31,2024-11-25,,2024-09-04,
SCL_OCP_Prd_Aqua_Enforcer,vdpvocpwdapls01.ocp.venetian.com.mo,agent,RHSA-2023:5009,critical,,4.14.0,container-selinux,,package,rpm,pkg:/rhcos:4.14_el8:container-selinux:3:2.229.0-1.el9_2,,2023-10-31,2024-11-25,,2024-09-04,
SCL_OCP_Prd_Aqua_Enforcer,vdpvocpwdapls01.ocp.venetian.com.mo,agent,RHSA-2023:5009,critical,,4.14.0,cri-tools,,package,rpm,pkg:/rhcos:4.14_el8:cri-tools:1.27.0-3.2.el9,,2023-10-31,2024-11-25,,2024-09-04,
SCL_OCP_Prd_Aqua_Enforcer,vdpvocpwdapls01.ocp.venetian.com.mo,agent,RHSA-2023:5009,critical,,4.14.0,conmon,,package,rpm,pkg:/rhcos:4.14_el8:conmon:3:2.1.7-3.4.rhaos4.14.el9,,2023-10-31,2024-11-25,,2024-09-04,
SCL_OCP_Prd_Aqua_Enforcer,vdpvocpwdapls01.ocp.venetian.com.mo,agent,RHSA-2024:5436,critical,,4.14.35,cri-tools,,package,rpm,pkg:/rhcos:4.14_el8:cri-tools:1.27.0-3.2.el9,,2024-08-22,2024-11-25,,2024-09-04,
SCL_OCP_Prd_Aqua_Enforcer,vdpvocpwdapls01.ocp.venetian.com.mo,agent,RHSA-2024:5436,critical,,4.14.35,runc,,package,rpm,pkg:/rhcos:4.14_el8:runc:4:1.1.12-1.2.rhaos4.14.el9,,2024-08-22,2024-11-25,,2024-09-04,
SCL_OCP_Prd_Aqua_Enforcer,vdpvocpwdapls01.ocp.venetian.com.mo,agent,RHSA-2024:5436,critical,,4.14.35,containernetworking-plugins,,package,rpm,pkg:/rhcos:4.14_el8:containernetworking-plugins:1:1.2.0-1.el9,,2024-08-22,2024-11-25,,2024-09-04,
SCL_OCP_Prd_Aqua_Enforcer,vdpvocpwdapls01.ocp.venetian.com.mo,agent,RHSA-2024:5436,critical,,4.14.35,skopeo,,package,rpm,pkg:/rhcos:4.14_el8:skopeo:2:1.11.3-0.1.rhaos4.14.el9,,2024-08-22,2024-11-25,,2024-09-04,
SCL_OCP_Prd_Aqua_Enforcer,vdpvocpwdapls01.ocp.venetian.com.mo,agent,RHSA-2024:5436,critical,,4.14.35,conmon,,package,rpm,pkg:/rhcos:4.14_el8:conmon:3:2.1.7-3.4.rhaos4.14.el9,,2024-08-22,2024-11-25,,2024-09-04,
SCL_OCP_Prd_Aqua_Enforcer,vdpvocpwdapls01.ocp.venetian.com.mo,agent,RHSA-2024:0766,critical,,,rhcos-kernel,,package,rpm,pkg:/rhcos:4.14_el8:rhcos-kernel:4.13-0.el8,,2024-02-28,2024-11-25,,2024-09-04,
SCL_OCP_Prd_Aqua_Enforcer,vdpvocpwdapls01.ocp.venetian.com.mo,agent,RHSA-2023:7197,critical,,,rhcos-kernel,,package,rpm,pkg:/rhcos:4.14_el8:rhcos-kernel:4.13-0.el8,,2024-02-27,2024-11-25,,2024-09-04,
SCL_OCP_Prd_Aqua_Enforcer,vdpvocpwdapls01.ocp.venetian.com.mo,agent,RHSA-2024:0845,critical,,,rhcos-kernel,,package,rpm,pkg:/rhcos:4.14_el8:rhcos-kernel:4.13-0.el8,,2024-02-21,2024-11-25,,2024-09-04,
SCL_OCP_Prd_Aqua_Enforcer,vdpvocpwdapls01.ocp.venetian.com.mo,agent,RHSA-2024:0741,critical,,,rhcos-kernel,,package,rpm,pkg:/rhcos:4.14_el8:rhcos-kernel:4.13-0.el8,,2024-02-14,2024-11-25,,2024-09-04,
SCL_OCP_Prd_Aqua_Enforcer,vdpvocpwdapls01.ocp.venetian.com.mo,agent,RHSA-2024:0740,critical,,,rhcos-kernel,,package,rpm,pkg:/rhcos:4.14_el8:rhcos-kernel:4.13-0.el8,,2024-02-14,2024-11-25,,2024-09-04,
SCL_OCP_Prd_Aqua_Enforcer,vdpvocpwdapls01.ocp.venetian.com.mo,agent,RHSA-2024:0641,critical,,4.14.11,rhcos-kernel,,package,rpm,pkg:/rhcos:4.14_el8:rhcos-kernel:4.13-0.el8,,2024-02-07,2024-11-25,,2024-09-04,
SCL_OCP_Prd_Aqua_Enforcer,vdpvocpwdapls01.ocp.venetian.com.mo,agent,RHSA-2024:0735,critical,,4.14.12,rhcos-kernel,,package,rpm,pkg:/rhcos:4.14_el8:rhcos-kernel:4.13-0.el8,,2024-02-13,2024-11-25,,2024-09-04,
SCL_OCP_Prd_Aqua_Enforcer,vdpvocpwdapls01.ocp.venetian.com.mo,agent,RHSA-2023:7198,critical,,,rhcos-kernel,,package,rpm,pkg:/rhcos:4.14_el8:rhcos-kernel:4.13-0.el8,,2024-02-27,2024-11-25,,2024-09-27,
SCL_OCP_Prd_Aqua_Enforcer,vdpvocpwdapls01.ocp.venetian.com.mo,agent,RHSA-2024:0642,critical,,4.14.11,rhcos-kernel,,package,rpm,pkg:/rhcos:4.14_el8:rhcos-kernel:4.13-0.el8,,2024-02-07,2024-11-25,,2024-09-27,
SCL_OCP_Prd_Aqua_Enforcer,vdpvocpwdapls01.ocp.venetian.com.mo,agent,RHSA-2023:1655,critical,,,toolbox,,package,rpm,pkg:/rhcos:4.14_el8:toolbox:0.1.2-1.rhaos4.14.el9,,2023-04-12,2024-11-25,,2024-11-25,
